user_id,age,gender,interests,destination,search_count
Phoebe.Satterfield,2,female,"Beach, Museum, Peak, Mountain, Lake, Waterfall",Taman Nasional Gunung Leuser,23
Phoebe.Satterfield,2,female,"Beach, Museum, Peak, Mountain, Lake, Waterfall",Pantan Terong,19
Phoebe.Satterfield,2,female,"Beach, Museum, Peak, Mountain, Lake, Waterfall",Ujung Nunang,22
Phoebe.Satterfield,2,female,"Beach, Museum, Peak, Mountain, Lake, Waterfall",Air Terjun Elnaja,6
Phoebe.Satterfield,2,female,"Beach, Museum, Peak, Mountain, Lake, Waterfall",Pantai Sawang Biduk Buruak (SBB),9
Phoebe.Satterfield,2,female,"Beach, Museum, Peak, Mountain, Lake, Waterfall",Taman Nasional Gunung Leuser,23
Phoebe.Satterfield,2,female,"Beach, Museum, Peak, Mountain, Lake, Waterfall",Pantan Terong,19
Phoebe.Satterfield,2,female,"Beach, Museum, Peak, Mountain, Lake, Waterfall",Ujung Nunang,22
Phoebe.Satterfield,2,female,"Beach, Museum, Peak, Mountain, Lake, Waterfall",Air Terjun Elnaja,6
Phoebe.Satterfield,2,female,"Beach, Museum, Peak, Mountain, Lake, Waterfall",Pantai Sawang Biduk Buruak (SBB),9
Phoebe.Satterfield,2,female,"Beach, Museum, Peak, Mountain, Lake, Waterfall",Taman Nasional Gunung Leuser,23
Phoebe.Satterfield,2,female,"Beach, Museum, Peak, Mountain, Lake, Waterfall",Pantan Terong,19
Phoebe.Satterfield,2,female,"Beach, Museum, Peak, Mountain, Lake, Waterfall",Ujung Nunang,22
Phoebe.Satterfield,2,female,"Beach, Museum, Peak, Mountain, Lake, Waterfall",Air Terjun Elnaja,6
Phoebe.Satterfield,2,female,"Beach, Museum, Peak, Mountain, Lake, Waterfall",Pantai Sawang Biduk Buruak (SBB),9
Phoebe.Satterfield,2,female,"Beach, Museum, Peak, Mountain, Lake, Waterfall",Taman Nasional Gunung Leuser,23
Phoebe.Satterfield,2,female,"Beach, Museum, Peak, Mountain, Lake, Waterfall",Pantan Terong,19
Phoebe.Satterfield,2,female,"Beach, Museum, Peak, Mountain, Lake, Waterfall",Ujung Nunang,22
Phoebe.Satterfield,2,female,"Beach, Museum, Peak, Mountain, Lake, Waterfall",Air Terjun Elnaja,6
Phoebe.Satterfield,2,female,"Beach, Museum, Peak, Mountain, Lake, Waterfall",Pantai Sawang Biduk Buruak (SBB),9
Phoebe.Satterfield,2,female,"Beach, Museum, Peak, Mountain, Lake, Waterfall",Taman Nasional Gunung Leuser,23
Phoebe.Satterfield,2,female,"Beach, Museum, Peak, Mountain, Lake, Waterfall",Pantan Terong,19
Phoebe.Satterfield,2,female,"Beach, Museum, Peak, Mountain, Lake, Waterfall",Ujung Nunang,22
Phoebe.Satterfield,2,female,"Beach, Museum, Peak, Mountain, Lake, Waterfall",Air Terjun Elnaja,6
Phoebe.Satterfield,2,female,"Beach, Museum, Peak, Mountain, Lake, Waterfall",Pantai Sawang Biduk Buruak (SBB),9
Darren60,7,female,"Mountain, Tourist Village, Recreational Park, Beach, Waterfall, Museum, Peak, Forest, Lake",Taman Nasional Gunung Leuser,11
Darren60,7,female,"Mountain, Tourist Village, Recreational Park, Beach, Waterfall, Museum, Peak, Forest, Lake",Wisata Air terjun suhom,14
Darren60,7,female,"Mountain, Tourist Village, Recreational Park, Beach, Waterfall, Museum, Peak, Forest, Lake",Wisata Panorama alam Bukit Jalin,16
Darren60,7,female,"Mountain, Tourist Village, Recreational Park, Beach, Waterfall, Museum, Peak, Forest, Lake","Desa Wisata Nusa, Aceh",16
Darren60,7,female,"Mountain, Tourist Village, Recreational Park, Beach, Waterfall, Museum, Peak, Forest, Lake",Bukit Wisata Goa Jepang Lhokseumawe,24
Darren60,7,female,"Mountain, Tourist Village, Recreational Park, Beach, Waterfall, Museum, Peak, Forest, Lake",Monumen Kupiah Meukeutop Lama,28
Darren60,7,female,"Mountain, Tourist Village, Recreational Park, Beach, Waterfall, Museum, Peak, Forest, Lake",Taman Nasional Gunung Leuser,11
Darren60,7,female,"Mountain, Tourist Village, Recreational Park, Beach, Waterfall, Museum, Peak, Forest, Lake",Wisata Air terjun suhom,14
Darren60,7,female,"Mountain, Tourist Village, Recreational Park, Beach, Waterfall, Museum, Peak, Forest, Lake",Wisata Panorama alam Bukit Jalin,16
Darren60,7,female,"Mountain, Tourist Village, Recreational Park, Beach, Waterfall, Museum, Peak, Forest, Lake","Desa Wisata Nusa, Aceh",16
Darren60,7,female,"Mountain, Tourist Village, Recreational Park, Beach, Waterfall, Museum, Peak, Forest, Lake",Bukit Wisata Goa Jepang Lhokseumawe,24
Darren60,7,female,"Mountain, Tourist Village, Recreational Park, Beach, Waterfall, Museum, Peak, Forest, Lake",Monumen Kupiah Meukeutop Lama,28
Darren60,7,female,"Mountain, Tourist Village, Recreational Park, Beach, Waterfall, Museum, Peak, Forest, Lake",Taman Nasional Gunung Leuser,11
Darren60,7,female,"Mountain, Tourist Village, Recreational Park, Beach, Waterfall, Museum, Peak, Forest, Lake",Wisata Air terjun suhom,14
Darren60,7,female,"Mountain, Tourist Village, Recreational Park, Beach, Waterfall, Museum, Peak, Forest, Lake",Wisata Panorama alam Bukit Jalin,16
Darren60,7,female,"Mountain, Tourist Village, Recreational Park, Beach, Waterfall, Museum, Peak, Forest, Lake","Desa Wisata Nusa, Aceh",16
Darren60,7,female,"Mountain, Tourist Village, Recreational Park, Beach, Waterfall, Museum, Peak, Forest, Lake",Bukit Wisata Goa Jepang Lhokseumawe,24
Darren60,7,female,"Mountain, Tourist Village, Recreational Park, Beach, Waterfall, Museum, Peak, Forest, Lake",Monumen Kupiah Meukeutop Lama,28
Darren60,7,female,"Mountain, Tourist Village, Recreational Park, Beach, Waterfall, Museum, Peak, Forest, Lake",Taman Nasional Gunung Leuser,11
Darren60,7,female,"Mountain, Tourist Village, Recreational Park, Beach, Waterfall, Museum, Peak, Forest, Lake",Wisata Air terjun suhom,14
Darren60,7,female,"Mountain, Tourist Village, Recreational Park, Beach, Waterfall, Museum, Peak, Forest, Lake",Wisata Panorama alam Bukit Jalin,16
Darren60,7,female,"Mountain, Tourist Village, Recreational Park, Beach, Waterfall, Museum, Peak, Forest, Lake","Desa Wisata Nusa, Aceh",16
Darren60,7,female,"Mountain, Tourist Village, Recreational Park, Beach, Waterfall, Museum, Peak, Forest, Lake",Bukit Wisata Goa Jepang Lhokseumawe,24
Darren60,7,female,"Mountain, Tourist Village, Recreational Park, Beach, Waterfall, Museum, Peak, Forest, Lake",Monumen Kupiah Meukeutop Lama,28
Darren60,7,female,"Mountain, Tourist Village, Recreational Park, Beach, Waterfall, Museum, Peak, Forest, Lake",Taman Nasional Gunung Leuser,11
Darren60,7,female,"Mountain, Tourist Village, Recreational Park, Beach, Waterfall, Museum, Peak, Forest, Lake",Wisata Air terjun suhom,14
Darren60,7,female,"Mountain, Tourist Village, Recreational Park, Beach, Waterfall, Museum, Peak, Forest, Lake",Wisata Panorama alam Bukit Jalin,16
Darren60,7,female,"Mountain, Tourist Village, Recreational Park, Beach, Waterfall, Museum, Peak, Forest, Lake","Desa Wisata Nusa, Aceh",16
Darren60,7,female,"Mountain, Tourist Village, Recreational Park, Beach, Waterfall, Museum, Peak, Forest, Lake",Bukit Wisata Goa Jepang Lhokseumawe,24
Darren60,7,female,"Mountain, Tourist Village, Recreational Park, Beach, Waterfall, Museum, Peak, Forest, Lake",Monumen Kupiah Meukeutop Lama,28
Darren60,7,female,"Mountain, Tourist Village, Recreational Park, Beach, Waterfall, Museum, Peak, Forest, Lake",Taman Nasional Gunung Leuser,11
Darren60,7,female,"Mountain, Tourist Village, Recreational Park, Beach, Waterfall, Museum, Peak, Forest, Lake",Wisata Air terjun suhom,14
Darren60,7,female,"Mountain, Tourist Village, Recreational Park, Beach, Waterfall, Museum, Peak, Forest, Lake",Wisata Panorama alam Bukit Jalin,16
Darren60,7,female,"Mountain, Tourist Village, Recreational Park, Beach, Waterfall, Museum, Peak, Forest, Lake","Desa Wisata Nusa, Aceh",16
Darren60,7,female,"Mountain, Tourist Village, Recreational Park, Beach, Waterfall, Museum, Peak, Forest, Lake",Bukit Wisata Goa Jepang Lhokseumawe,24
Darren60,7,female,"Mountain, Tourist Village, Recreational Park, Beach, Waterfall, Museum, Peak, Forest, Lake",Monumen Kupiah Meukeutop Lama,28
Reinhold_Ratke11,-2,female,"Tourist Village, Mountain, Forest, Lake, Recreational Park",Pantai pelangi matang Rayeuk pp,18
Reinhold_Ratke11,-2,female,"Tourist Village, Mountain, Forest, Lake, Recreational Park",Puncak Bukit Suharto,12
Reinhold_Ratke11,-2,female,"Tourist Village, Mountain, Forest, Lake, Recreational Park",Taman Batu Lepes,33
Reinhold_Ratke11,-2,female,"Tourist Village, Mountain, Forest, Lake, Recreational Park",Natural park takengon,25
Reinhold_Ratke11,-2,female,"Tourist Village, Mountain, Forest, Lake, Recreational Park",Air Terjun Elnaja,4
Reinhold_Ratke11,-2,female,"Tourist Village, Mountain, Forest, Lake, Recreational Park",Pantai pelangi matang Rayeuk pp,18
Reinhold_Ratke11,-2,female,"Tourist Village, Mountain, Forest, Lake, Recreational Park",Puncak Bukit Suharto,12
Reinhold_Ratke11,-2,female,"Tourist Village, Mountain, Forest, Lake, Recreational Park",Taman Batu Lepes,33
Reinhold_Ratke11,-2,female,"Tourist Village, Mountain, Forest, Lake, Recreational Park",Natural park takengon,25
Reinhold_Ratke11,-2,female,"Tourist Village, Mountain, Forest, Lake, Recreational Park",Air Terjun Elnaja,4
Reinhold_Ratke11,-2,female,"Tourist Village, Mountain, Forest, Lake, Recreational Park",Pantai pelangi matang Rayeuk pp,18
Reinhold_Ratke11,-2,female,"Tourist Village, Mountain, Forest, Lake, Recreational Park",Puncak Bukit Suharto,12
Reinhold_Ratke11,-2,female,"Tourist Village, Mountain, Forest, Lake, Recreational Park",Taman Batu Lepes,33
Reinhold_Ratke11,-2,female,"Tourist Village, Mountain, Forest, Lake, Recreational Park",Natural park takengon,25
Reinhold_Ratke11,-2,female,"Tourist Village, Mountain, Forest, Lake, Recreational Park",Air Terjun Elnaja,4
Reinhold_Ratke11,-2,female,"Tourist Village, Mountain, Forest, Lake, Recreational Park",Pantai pelangi matang Rayeuk pp,18
Reinhold_Ratke11,-2,female,"Tourist Village, Mountain, Forest, Lake, Recreational Park",Puncak Bukit Suharto,12
Reinhold_Ratke11,-2,female,"Tourist Village, Mountain, Forest, Lake, Recreational Park",Taman Batu Lepes,33
Reinhold_Ratke11,-2,female,"Tourist Village, Mountain, Forest, Lake, Recreational Park",Natural park takengon,25
Reinhold_Ratke11,-2,female,"Tourist Village, Mountain, Forest, Lake, Recreational Park",Air Terjun Elnaja,4
Reinhold_Ratke11,-2,female,"Tourist Village, Mountain, Forest, Lake, Recreational Park",Pantai pelangi matang Rayeuk pp,18
Reinhold_Ratke11,-2,female,"Tourist Village, Mountain, Forest, Lake, Recreational Park",Puncak Bukit Suharto,12
Reinhold_Ratke11,-2,female,"Tourist Village, Mountain, Forest, Lake, Recreational Park",Taman Batu Lepes,33
Reinhold_Ratke11,-2,female,"Tourist Village, Mountain, Forest, Lake, Recreational Park",Natural park takengon,25
Reinhold_Ratke11,-2,female,"Tourist Village, Mountain, Forest, Lake, Recreational Park",Air Terjun Elnaja,4
Bennett_Ortiz,-12,female,"Tourist Village, Museum, Forest",Pantai pelangi matang Rayeuk pp,3
Bennett_Ortiz,-12,female,"Tourist Village, Museum, Forest",Arung Jeram Lukup Badak,25
Bennett_Ortiz,-12,female,"Tourist Village, Museum, Forest",Putri Pukes Cave,21
Bennett_Ortiz,-12,female,"Tourist Village, Museum, Forest","Brayeung, Leupung",8
Bennett_Ortiz,-12,female,"Tourist Village, Museum, Forest",Pantai Suak Ribee,21
Bennett_Ortiz,-12,female,"Tourist Village, Museum, Forest",Pantan Terong,14
Bennett_Ortiz,-12,female,"Tourist Village, Museum, Forest",Pantai pelangi matang Rayeuk pp,3
Bennett_Ortiz,-12,female,"Tourist Village, Museum, Forest",Arung Jeram Lukup Badak,25
Bennett_Ortiz,-12,female,"Tourist Village, Museum, Forest",Putri Pukes Cave,21
Bennett_Ortiz,-12,female,"Tourist Village, Museum, Forest","Brayeung, Leupung",8
Bennett_Ortiz,-12,female,"Tourist Village, Museum, Forest",Pantai Suak Ribee,21
Bennett_Ortiz,-12,female,"Tourist Village, Museum, Forest",Pantan Terong,14
Bennett_Ortiz,-12,female,"Tourist Village, Museum, Forest",Pantai pelangi matang Rayeuk pp,3
Bennett_Ortiz,-12,female,"Tourist Village, Museum, Forest",Arung Jeram Lukup Badak,25
Bennett_Ortiz,-12,female,"Tourist Village, Museum, Forest",Putri Pukes Cave,21
Bennett_Ortiz,-12,female,"Tourist Village, Museum, Forest","Brayeung, Leupung",8
Bennett_Ortiz,-12,female,"Tourist Village, Museum, Forest",Pantai Suak Ribee,21
Bennett_Ortiz,-12,female,"Tourist Village, Museum, Forest",Pantan Terong,14
Bennett_Ortiz,-12,female,"Tourist Village, Museum, Forest",Pantai pelangi matang Rayeuk pp,3
Bennett_Ortiz,-12,female,"Tourist Village, Museum, Forest",Arung Jeram Lukup Badak,25
Bennett_Ortiz,-12,female,"Tourist Village, Museum, Forest",Putri Pukes Cave,21
Bennett_Ortiz,-12,female,"Tourist Village, Museum, Forest","Brayeung, Leupung",8
Bennett_Ortiz,-12,female,"Tourist Village, Museum, Forest",Pantai Suak Ribee,21
Bennett_Ortiz,-12,female,"Tourist Village, Museum, Forest",Pantan Terong,14
Bennett_Ortiz,-12,female,"Tourist Village, Museum, Forest",Pantai pelangi matang Rayeuk pp,3
Bennett_Ortiz,-12,female,"Tourist Village, Museum, Forest",Arung Jeram Lukup Badak,25
Bennett_Ortiz,-12,female,"Tourist Village, Museum, Forest",Putri Pukes Cave,21
Bennett_Ortiz,-12,female,"Tourist Village, Museum, Forest","Brayeung, Leupung",8
Bennett_Ortiz,-12,female,"Tourist Village, Museum, Forest",Pantai Suak Ribee,21
Bennett_Ortiz,-12,female,"Tourist Village, Museum, Forest",Pantan Terong,14
Bennett_Ortiz,-12,female,"Tourist Village, Museum, Forest",Pantai pelangi matang Rayeuk pp,3
Bennett_Ortiz,-12,female,"Tourist Village, Museum, Forest",Arung Jeram Lukup Badak,25
Bennett_Ortiz,-12,female,"Tourist Village, Museum, Forest",Putri Pukes Cave,21
Bennett_Ortiz,-12,female,"Tourist Village, Museum, Forest","Brayeung, Leupung",8
Bennett_Ortiz,-12,female,"Tourist Village, Museum, Forest",Pantai Suak Ribee,21
Bennett_Ortiz,-12,female,"Tourist Village, Museum, Forest",Pantan Terong,14
Brendan_Buckridge50,11,male,"Beach, Mountain, Tourist Village",Putri Pukes Cave,24
Brendan_Buckridge50,11,male,"Beach, Mountain, Tourist Village",Pantai Sawang Biduk Buruak (SBB),28
Brendan_Buckridge50,11,male,"Beach, Mountain, Tourist Village",Taman Sulthanah Safiatuddin Banda Aceh,8
Brendan_Buckridge50,11,male,"Beach, Mountain, Tourist Village","Desa Wisata Nusa, Aceh",10
Brendan_Buckridge50,11,male,"Beach, Mountain, Tourist Village",Putri Pukes Cave,24
Brendan_Buckridge50,11,male,"Beach, Mountain, Tourist Village",Pantai Sawang Biduk Buruak (SBB),28
Brendan_Buckridge50,11,male,"Beach, Mountain, Tourist Village",Taman Sulthanah Safiatuddin Banda Aceh,8
Brendan_Buckridge50,11,male,"Beach, Mountain, Tourist Village","Desa Wisata Nusa, Aceh",10
Brendan_Buckridge50,11,male,"Beach, Mountain, Tourist Village",Putri Pukes Cave,24
Brendan_Buckridge50,11,male,"Beach, Mountain, Tourist Village",Pantai Sawang Biduk Buruak (SBB),28
Brendan_Buckridge50,11,male,"Beach, Mountain, Tourist Village",Taman Sulthanah Safiatuddin Banda Aceh,8
Brendan_Buckridge50,11,male,"Beach, Mountain, Tourist Village","Desa Wisata Nusa, Aceh",10
Brendan_Buckridge50,11,male,"Beach, Mountain, Tourist Village",Putri Pukes Cave,24
Brendan_Buckridge50,11,male,"Beach, Mountain, Tourist Village",Pantai Sawang Biduk Buruak (SBB),28
Brendan_Buckridge50,11,male,"Beach, Mountain, Tourist Village",Taman Sulthanah Safiatuddin Banda Aceh,8
Brendan_Buckridge50,11,male,"Beach, Mountain, Tourist Village","Desa Wisata Nusa, Aceh",10
Jules_Kling,-17,male,"Museum, Recreational Park, Forest, Beach, Waterfall, Tourist Village, Lake, Peak, Mountain",Taman Bustanussalatin,28
Jules_Kling,-17,male,"Museum, Recreational Park, Forest, Beach, Waterfall, Tourist Village, Lake, Peak, Mountain",Taman Sulthanah Safiatuddin Banda Aceh,9
Jules_Kling,-17,male,"Museum, Recreational Park, Forest, Beach, Waterfall, Tourist Village, Lake, Peak, Mountain",Wisata Panorama alam Bukit Jalin,3
Jules_Kling,-17,male,"Museum, Recreational Park, Forest, Beach, Waterfall, Tourist Village, Lake, Peak, Mountain",Taman Bustanussalatin,28
Jules_Kling,-17,male,"Museum, Recreational Park, Forest, Beach, Waterfall, Tourist Village, Lake, Peak, Mountain",Taman Sulthanah Safiatuddin Banda Aceh,9
Jules_Kling,-17,male,"Museum, Recreational Park, Forest, Beach, Waterfall, Tourist Village, Lake, Peak, Mountain",Wisata Panorama alam Bukit Jalin,3
Jules_Kling,-17,male,"Museum, Recreational Park, Forest, Beach, Waterfall, Tourist Village, Lake, Peak, Mountain",Taman Bustanussalatin,28
Jules_Kling,-17,male,"Museum, Recreational Park, Forest, Beach, Waterfall, Tourist Village, Lake, Peak, Mountain",Taman Sulthanah Safiatuddin Banda Aceh,9
Jules_Kling,-17,male,"Museum, Recreational Park, Forest, Beach, Waterfall, Tourist Village, Lake, Peak, Mountain",Wisata Panorama alam Bukit Jalin,3
Ivory_Brekke42,24,male,"Others, Beach, Museum, Peak, Recreational Park",Taman Putroe Phang,20
Ivory_Brekke42,24,male,"Others, Beach, Museum, Peak, Recreational Park",Pria Laot Waterfall,2
Ivory_Brekke42,24,male,"Others, Beach, Museum, Peak, Recreational Park",Pantai Ulee Lheue,4
Ivory_Brekke42,24,male,"Others, Beach, Museum, Peak, Recreational Park",Taman Sulthanah Safiatuddin Banda Aceh,16
Ivory_Brekke42,24,male,"Others, Beach, Museum, Peak, Recreational Park",Tambatan Perahu Lot Kala,28
Ivory_Brekke42,24,male,"Others, Beach, Museum, Peak, Recreational Park",Taman Putroe Phang,20
Ivory_Brekke42,24,male,"Others, Beach, Museum, Peak, Recreational Park",Pria Laot Waterfall,2
Ivory_Brekke42,24,male,"Others, Beach, Museum, Peak, Recreational Park",Pantai Ulee Lheue,4
Ivory_Brekke42,24,male,"Others, Beach, Museum, Peak, Recreational Park",Taman Sulthanah Safiatuddin Banda Aceh,16
Ivory_Brekke42,24,male,"Others, Beach, Museum, Peak, Recreational Park",Tambatan Perahu Lot Kala,28
Ivory_Brekke42,24,male,"Others, Beach, Museum, Peak, Recreational Park",Taman Putroe Phang,20
Ivory_Brekke42,24,male,"Others, Beach, Museum, Peak, Recreational Park",Pria Laot Waterfall,2
Ivory_Brekke42,24,male,"Others, Beach, Museum, Peak, Recreational Park",Pantai Ulee Lheue,4
Ivory_Brekke42,24,male,"Others, Beach, Museum, Peak, Recreational Park",Taman Sulthanah Safiatuddin Banda Aceh,16
Ivory_Brekke42,24,male,"Others, Beach, Museum, Peak, Recreational Park",Tambatan Perahu Lot Kala,28
Ivory_Brekke42,24,male,"Others, Beach, Museum, Peak, Recreational Park",Taman Putroe Phang,20
Ivory_Brekke42,24,male,"Others, Beach, Museum, Peak, Recreational Park",Pria Laot Waterfall,2
Ivory_Brekke42,24,male,"Others, Beach, Museum, Peak, Recreational Park",Pantai Ulee Lheue,4
Ivory_Brekke42,24,male,"Others, Beach, Museum, Peak, Recreational Park",Taman Sulthanah Safiatuddin Banda Aceh,16
Ivory_Brekke42,24,male,"Others, Beach, Museum, Peak, Recreational Park",Tambatan Perahu Lot Kala,28
Ivory_Brekke42,24,male,"Others, Beach, Museum, Peak, Recreational Park",Taman Putroe Phang,20
Ivory_Brekke42,24,male,"Others, Beach, Museum, Peak, Recreational Park",Pria Laot Waterfall,2
Ivory_Brekke42,24,male,"Others, Beach, Museum, Peak, Recreational Park",Pantai Ulee Lheue,4
Ivory_Brekke42,24,male,"Others, Beach, Museum, Peak, Recreational Park",Taman Sulthanah Safiatuddin Banda Aceh,16
Ivory_Brekke42,24,male,"Others, Beach, Museum, Peak, Recreational Park",Tambatan Perahu Lot Kala,28
Earnestine36,-16,male,"Museum, Lake, Recreational Park",Pantai Babah Kuala,24
Earnestine36,-16,male,"Museum, Lake, Recreational Park",Bukit Siron,1
Earnestine36,-16,male,"Museum, Lake, Recreational Park",Pantai Babah Kuala,24
Earnestine36,-16,male,"Museum, Lake, Recreational Park",Bukit Siron,1
Isabell69,-12,female,"Forest, Museum, Recreational Park","Pantai Lhok Kubu, Calang",13
Isabell69,-12,female,"Forest, Museum, Recreational Park",Pantai Lancok,3
Isabell69,-12,female,"Forest, Museum, Recreational Park",Pantai Sawang Biduk Buruak (SBB),11
Isabell69,-12,female,"Forest, Museum, Recreational Park",Mon Ceunong,15
Isabell69,-12,female,"Forest, Museum, Recreational Park",Air Terjun Mengaya,29
Isabell69,-12,female,"Forest, Museum, Recreational Park","Pantai Lhok Kubu, Calang",13
Isabell69,-12,female,"Forest, Museum, Recreational Park",Pantai Lancok,3
Isabell69,-12,female,"Forest, Museum, Recreational Park",Pantai Sawang Biduk Buruak (SBB),11
Isabell69,-12,female,"Forest, Museum, Recreational Park",Mon Ceunong,15
Isabell69,-12,female,"Forest, Museum, Recreational Park",Air Terjun Mengaya,29
Isabell69,-12,female,"Forest, Museum, Recreational Park","Pantai Lhok Kubu, Calang",13
Isabell69,-12,female,"Forest, Museum, Recreational Park",Pantai Lancok,3
Isabell69,-12,female,"Forest, Museum, Recreational Park",Pantai Sawang Biduk Buruak (SBB),11
Isabell69,-12,female,"Forest, Museum, Recreational Park",Mon Ceunong,15
Isabell69,-12,female,"Forest, Museum, Recreational Park",Air Terjun Mengaya,29
Isabell69,-12,female,"Forest, Museum, Recreational Park","Pantai Lhok Kubu, Calang",13
Isabell69,-12,female,"Forest, Museum, Recreational Park",Pantai Lancok,3
Isabell69,-12,female,"Forest, Museum, Recreational Park",Pantai Sawang Biduk Buruak (SBB),11
Isabell69,-12,female,"Forest, Museum, Recreational Park",Mon Ceunong,15
Isabell69,-12,female,"Forest, Museum, Recreational Park",Air Terjun Mengaya,29
Isabell69,-12,female,"Forest, Museum, Recreational Park","Pantai Lhok Kubu, Calang",13
Isabell69,-12,female,"Forest, Museum, Recreational Park",Pantai Lancok,3
Isabell69,-12,female,"Forest, Museum, Recreational Park",Pantai Sawang Biduk Buruak (SBB),11
Isabell69,-12,female,"Forest, Museum, Recreational Park",Mon Ceunong,15
Isabell69,-12,female,"Forest, Museum, Recreational Park",Air Terjun Mengaya,29
Morton.Pacocha,-11,male,"Lake, Forest, Museum, Mountain",Air Terjun Kuta Malaka,16
Morton.Pacocha,-11,male,"Lake, Forest, Museum, Mountain",Natural park takengon,27
Morton.Pacocha,-11,male,"Lake, Forest, Museum, Mountain",Puncak Bukit Suharto,10
Morton.Pacocha,-11,male,"Lake, Forest, Museum, Mountain",Air Terjun Kuta Malaka,16
Morton.Pacocha,-11,male,"Lake, Forest, Museum, Mountain",Natural park takengon,27
Morton.Pacocha,-11,male,"Lake, Forest, Museum, Mountain",Puncak Bukit Suharto,10
Morton.Pacocha,-11,male,"Lake, Forest, Museum, Mountain",Air Terjun Kuta Malaka,16
Morton.Pacocha,-11,male,"Lake, Forest, Museum, Mountain",Natural park takengon,27
Morton.Pacocha,-11,male,"Lake, Forest, Museum, Mountain",Puncak Bukit Suharto,10
Rosetta7,0,male,"Tourist Village, Recreational Park",Lhok Mata Ie Ujong Pancu,28
Rosetta7,0,male,"Tourist Village, Recreational Park",Pantai Ulee Lheue,17
Rosetta7,0,male,"Tourist Village, Recreational Park",Tapak Tuan Tapa,18
Rosetta7,0,male,"Tourist Village, Recreational Park",Taman Sulthanah Safiatuddin Banda Aceh,8
Rosetta7,0,male,"Tourist Village, Recreational Park",Lhok Mata Ie Ujong Pancu,28
Rosetta7,0,male,"Tourist Village, Recreational Park",Pantai Ulee Lheue,17
Rosetta7,0,male,"Tourist Village, Recreational Park",Tapak Tuan Tapa,18
Rosetta7,0,male,"Tourist Village, Recreational Park",Taman Sulthanah Safiatuddin Banda Aceh,8
Rosetta7,0,male,"Tourist Village, Recreational Park",Lhok Mata Ie Ujong Pancu,28
Rosetta7,0,male,"Tourist Village, Recreational Park",Pantai Ulee Lheue,17
Rosetta7,0,male,"Tourist Village, Recreational Park",Tapak Tuan Tapa,18
Rosetta7,0,male,"Tourist Village, Recreational Park",Taman Sulthanah Safiatuddin Banda Aceh,8
Rosetta7,0,male,"Tourist Village, Recreational Park",Lhok Mata Ie Ujong Pancu,28
Rosetta7,0,male,"Tourist Village, Recreational Park",Pantai Ulee Lheue,17
Rosetta7,0,male,"Tourist Village, Recreational Park",Tapak Tuan Tapa,18
Rosetta7,0,male,"Tourist Village, Recreational Park",Taman Sulthanah Safiatuddin Banda Aceh,8
Mozell70,2,female,"Recreational Park, Waterfall, Mountain, Peak, Others, Forest, Lake, Tourist Village",Pantai Sawang Biduk Buruak (SBB),6
Mozell70,2,female,"Recreational Park, Waterfall, Mountain, Peak, Others, Forest, Lake, Tourist Village",Tugu Kupiah Teuku Umar,6
Mozell70,2,female,"Recreational Park, Waterfall, Mountain, Peak, Others, Forest, Lake, Tourist Village",Pantai Sawang Biduk Buruak (SBB),6
Mozell70,2,female,"Recreational Park, Waterfall, Mountain, Peak, Others, Forest, Lake, Tourist Village",Tugu Kupiah Teuku Umar,6
Everardo.Pfeffer40,25,male,"Beach, Recreational Park, Others",Bukit Lamreh,17
Everardo.Pfeffer40,25,male,"Beach, Recreational Park, Others",Taman Putroe Phang,9
Everardo.Pfeffer40,25,male,"Beach, Recreational Park, Others","Brayeung, Leupung",15
Everardo.Pfeffer40,25,male,"Beach, Recreational Park, Others","Desa Wisata Nusa, Aceh",16
Everardo.Pfeffer40,25,male,"Beach, Recreational Park, Others",Pantai Lancok,19
Everardo.Pfeffer40,25,male,"Beach, Recreational Park, Others",Jantho Panorama Park,6
Everardo.Pfeffer40,25,male,"Beach, Recreational Park, Others",Bukit Lamreh,17
Everardo.Pfeffer40,25,male,"Beach, Recreational Park, Others",Taman Putroe Phang,9
Everardo.Pfeffer40,25,male,"Beach, Recreational Park, Others","Brayeung, Leupung",15
Everardo.Pfeffer40,25,male,"Beach, Recreational Park, Others","Desa Wisata Nusa, Aceh",16
Everardo.Pfeffer40,25,male,"Beach, Recreational Park, Others",Pantai Lancok,19
Everardo.Pfeffer40,25,male,"Beach, Recreational Park, Others",Jantho Panorama Park,6
Everardo.Pfeffer40,25,male,"Beach, Recreational Park, Others",Bukit Lamreh,17
Everardo.Pfeffer40,25,male,"Beach, Recreational Park, Others",Taman Putroe Phang,9
Everardo.Pfeffer40,25,male,"Beach, Recreational Park, Others","Brayeung, Leupung",15
Everardo.Pfeffer40,25,male,"Beach, Recreational Park, Others","Desa Wisata Nusa, Aceh",16
Everardo.Pfeffer40,25,male,"Beach, Recreational Park, Others",Pantai Lancok,19
Everardo.Pfeffer40,25,male,"Beach, Recreational Park, Others",Jantho Panorama Park,6
Everardo.Pfeffer40,25,male,"Beach, Recreational Park, Others",Bukit Lamreh,17
Everardo.Pfeffer40,25,male,"Beach, Recreational Park, Others",Taman Putroe Phang,9
Everardo.Pfeffer40,25,male,"Beach, Recreational Park, Others","Brayeung, Leupung",15
Everardo.Pfeffer40,25,male,"Beach, Recreational Park, Others","Desa Wisata Nusa, Aceh",16
Everardo.Pfeffer40,25,male,"Beach, Recreational Park, Others",Pantai Lancok,19
Everardo.Pfeffer40,25,male,"Beach, Recreational Park, Others",Jantho Panorama Park,6
Everardo.Pfeffer40,25,male,"Beach, Recreational Park, Others",Bukit Lamreh,17
Everardo.Pfeffer40,25,male,"Beach, Recreational Park, Others",Taman Putroe Phang,9
Everardo.Pfeffer40,25,male,"Beach, Recreational Park, Others","Brayeung, Leupung",15
Everardo.Pfeffer40,25,male,"Beach, Recreational Park, Others","Desa Wisata Nusa, Aceh",16
Everardo.Pfeffer40,25,male,"Beach, Recreational Park, Others",Pantai Lancok,19
Everardo.Pfeffer40,25,male,"Beach, Recreational Park, Others",Jantho Panorama Park,6
Everardo.Pfeffer40,25,male,"Beach, Recreational Park, Others",Bukit Lamreh,17
Everardo.Pfeffer40,25,male,"Beach, Recreational Park, Others",Taman Putroe Phang,9
Everardo.Pfeffer40,25,male,"Beach, Recreational Park, Others","Brayeung, Leupung",15
Everardo.Pfeffer40,25,male,"Beach, Recreational Park, Others","Desa Wisata Nusa, Aceh",16
Everardo.Pfeffer40,25,male,"Beach, Recreational Park, Others",Pantai Lancok,19
Everardo.Pfeffer40,25,male,"Beach, Recreational Park, Others",Jantho Panorama Park,6
Annabel_Kris81,-6,male,"Others, Mountain, Waterfall, Recreational Park, Peak",Pantai pelangi matang Rayeuk pp,10
Annabel_Kris81,-6,male,"Others, Mountain, Waterfall, Recreational Park, Peak","Brayeung, Leupung",23
Annabel_Kris81,-6,male,"Others, Mountain, Waterfall, Recreational Park, Peak",Waduk Jeulikat aceh,25
Annabel_Kris81,-6,male,"Others, Mountain, Waterfall, Recreational Park, Peak",Tambatan Perahu Lot Kala,12
Annabel_Kris81,-6,male,"Others, Mountain, Waterfall, Recreational Park, Peak",Pantai pelangi matang Rayeuk pp,10
Annabel_Kris81,-6,male,"Others, Mountain, Waterfall, Recreational Park, Peak","Brayeung, Leupung",23
Annabel_Kris81,-6,male,"Others, Mountain, Waterfall, Recreational Park, Peak",Waduk Jeulikat aceh,25
Annabel_Kris81,-6,male,"Others, Mountain, Waterfall, Recreational Park, Peak",Tambatan Perahu Lot Kala,12
Annabel_Kris81,-6,male,"Others, Mountain, Waterfall, Recreational Park, Peak",Pantai pelangi matang Rayeuk pp,10
Annabel_Kris81,-6,male,"Others, Mountain, Waterfall, Recreational Park, Peak","Brayeung, Leupung",23
Annabel_Kris81,-6,male,"Others, Mountain, Waterfall, Recreational Park, Peak",Waduk Jeulikat aceh,25
Annabel_Kris81,-6,male,"Others, Mountain, Waterfall, Recreational Park, Peak",Tambatan Perahu Lot Kala,12
Annabel_Kris81,-6,male,"Others, Mountain, Waterfall, Recreational Park, Peak",Pantai pelangi matang Rayeuk pp,10
Annabel_Kris81,-6,male,"Others, Mountain, Waterfall, Recreational Park, Peak","Brayeung, Leupung",23
Annabel_Kris81,-6,male,"Others, Mountain, Waterfall, Recreational Park, Peak",Waduk Jeulikat aceh,25
Annabel_Kris81,-6,male,"Others, Mountain, Waterfall, Recreational Park, Peak",Tambatan Perahu Lot Kala,12
Erika.Romaguera,8,male,"Forest, Museum, Waterfall, Tourist Village, Others, Recreational Park, Peak, Beach",Jantho Panorama Park,17
Erika.Romaguera,8,male,"Forest, Museum, Waterfall, Tourist Village, Others, Recreational Park, Peak, Beach",Waduk Jeulikat aceh,15
Erika.Romaguera,8,male,"Forest, Museum, Waterfall, Tourist Village, Others, Recreational Park, Peak, Beach",Air Terjun Mengaya,29
Erika.Romaguera,8,male,"Forest, Museum, Waterfall, Tourist Village, Others, Recreational Park, Peak, Beach",Tugu Kupiah Teuku Umar,25
Erika.Romaguera,8,male,"Forest, Museum, Waterfall, Tourist Village, Others, Recreational Park, Peak, Beach","Desa Wisata Nusa, Aceh",19
Erika.Romaguera,8,male,"Forest, Museum, Waterfall, Tourist Village, Others, Recreational Park, Peak, Beach","Pantai Lhok Kubu, Calang",25
Erika.Romaguera,8,male,"Forest, Museum, Waterfall, Tourist Village, Others, Recreational Park, Peak, Beach",Jantho Panorama Park,17
Erika.Romaguera,8,male,"Forest, Museum, Waterfall, Tourist Village, Others, Recreational Park, Peak, Beach",Waduk Jeulikat aceh,15
Erika.Romaguera,8,male,"Forest, Museum, Waterfall, Tourist Village, Others, Recreational Park, Peak, Beach",Air Terjun Mengaya,29
Erika.Romaguera,8,male,"Forest, Museum, Waterfall, Tourist Village, Others, Recreational Park, Peak, Beach",Tugu Kupiah Teuku Umar,25
Erika.Romaguera,8,male,"Forest, Museum, Waterfall, Tourist Village, Others, Recreational Park, Peak, Beach","Desa Wisata Nusa, Aceh",19
Erika.Romaguera,8,male,"Forest, Museum, Waterfall, Tourist Village, Others, Recreational Park, Peak, Beach","Pantai Lhok Kubu, Calang",25
Erika.Romaguera,8,male,"Forest, Museum, Waterfall, Tourist Village, Others, Recreational Park, Peak, Beach",Jantho Panorama Park,17
Erika.Romaguera,8,male,"Forest, Museum, Waterfall, Tourist Village, Others, Recreational Park, Peak, Beach",Waduk Jeulikat aceh,15
Erika.Romaguera,8,male,"Forest, Museum, Waterfall, Tourist Village, Others, Recreational Park, Peak, Beach",Air Terjun Mengaya,29
Erika.Romaguera,8,male,"Forest, Museum, Waterfall, Tourist Village, Others, Recreational Park, Peak, Beach",Tugu Kupiah Teuku Umar,25
Erika.Romaguera,8,male,"Forest, Museum, Waterfall, Tourist Village, Others, Recreational Park, Peak, Beach","Desa Wisata Nusa, Aceh",19
Erika.Romaguera,8,male,"Forest, Museum, Waterfall, Tourist Village, Others, Recreational Park, Peak, Beach","Pantai Lhok Kubu, Calang",25
Erika.Romaguera,8,male,"Forest, Museum, Waterfall, Tourist Village, Others, Recreational Park, Peak, Beach",Jantho Panorama Park,17
Erika.Romaguera,8,male,"Forest, Museum, Waterfall, Tourist Village, Others, Recreational Park, Peak, Beach",Waduk Jeulikat aceh,15
Erika.Romaguera,8,male,"Forest, Museum, Waterfall, Tourist Village, Others, Recreational Park, Peak, Beach",Air Terjun Mengaya,29
Erika.Romaguera,8,male,"Forest, Museum, Waterfall, Tourist Village, Others, Recreational Park, Peak, Beach",Tugu Kupiah Teuku Umar,25
Erika.Romaguera,8,male,"Forest, Museum, Waterfall, Tourist Village, Others, Recreational Park, Peak, Beach","Desa Wisata Nusa, Aceh",19
Erika.Romaguera,8,male,"Forest, Museum, Waterfall, Tourist Village, Others, Recreational Park, Peak, Beach","Pantai Lhok Kubu, Calang",25
Erika.Romaguera,8,male,"Forest, Museum, Waterfall, Tourist Village, Others, Recreational Park, Peak, Beach",Jantho Panorama Park,17
Erika.Romaguera,8,male,"Forest, Museum, Waterfall, Tourist Village, Others, Recreational Park, Peak, Beach",Waduk Jeulikat aceh,15
Erika.Romaguera,8,male,"Forest, Museum, Waterfall, Tourist Village, Others, Recreational Park, Peak, Beach",Air Terjun Mengaya,29
Erika.Romaguera,8,male,"Forest, Museum, Waterfall, Tourist Village, Others, Recreational Park, Peak, Beach",Tugu Kupiah Teuku Umar,25
Erika.Romaguera,8,male,"Forest, Museum, Waterfall, Tourist Village, Others, Recreational Park, Peak, Beach","Desa Wisata Nusa, Aceh",19
Erika.Romaguera,8,male,"Forest, Museum, Waterfall, Tourist Village, Others, Recreational Park, Peak, Beach","Pantai Lhok Kubu, Calang",25
Erika.Romaguera,8,male,"Forest, Museum, Waterfall, Tourist Village, Others, Recreational Park, Peak, Beach",Jantho Panorama Park,17
Erika.Romaguera,8,male,"Forest, Museum, Waterfall, Tourist Village, Others, Recreational Park, Peak, Beach",Waduk Jeulikat aceh,15
Erika.Romaguera,8,male,"Forest, Museum, Waterfall, Tourist Village, Others, Recreational Park, Peak, Beach",Air Terjun Mengaya,29
Erika.Romaguera,8,male,"Forest, Museum, Waterfall, Tourist Village, Others, Recreational Park, Peak, Beach",Tugu Kupiah Teuku Umar,25
Erika.Romaguera,8,male,"Forest, Museum, Waterfall, Tourist Village, Others, Recreational Park, Peak, Beach","Desa Wisata Nusa, Aceh",19
Erika.Romaguera,8,male,"Forest, Museum, Waterfall, Tourist Village, Others, Recreational Park, Peak, Beach","Pantai Lhok Kubu, Calang",25
Dorothy.Hegmann,18,female,"Others, Peak, Forest, Lake, Beach, Mountain, Tourist Village, Waterfall",Lhok Mata Ie Ujong Pancu,20
Dorothy.Hegmann,18,female,"Others, Peak, Forest, Lake, Beach, Mountain, Tourist Village, Waterfall",Pantai Babah Kuala,2
Dorothy.Hegmann,18,female,"Others, Peak, Forest, Lake, Beach, Mountain, Tourist Village, Waterfall",Taman Rusa Aceh Besar,19
Dorothy.Hegmann,18,female,"Others, Peak, Forest, Lake, Beach, Mountain, Tourist Village, Waterfall",Lhok Mata Ie Ujong Pancu,20
Dorothy.Hegmann,18,female,"Others, Peak, Forest, Lake, Beach, Mountain, Tourist Village, Waterfall",Pantai Babah Kuala,2
Dorothy.Hegmann,18,female,"Others, Peak, Forest, Lake, Beach, Mountain, Tourist Village, Waterfall",Taman Rusa Aceh Besar,19
Dorothy.Hegmann,18,female,"Others, Peak, Forest, Lake, Beach, Mountain, Tourist Village, Waterfall",Lhok Mata Ie Ujong Pancu,20
Dorothy.Hegmann,18,female,"Others, Peak, Forest, Lake, Beach, Mountain, Tourist Village, Waterfall",Pantai Babah Kuala,2
Dorothy.Hegmann,18,female,"Others, Peak, Forest, Lake, Beach, Mountain, Tourist Village, Waterfall",Taman Rusa Aceh Besar,19
Gretchen65,17,male,"Peak, Mountain, Tourist Village, Museum, Forest, Others",Bukit Lamreh,28
Gretchen65,17,male,"Peak, Mountain, Tourist Village, Museum, Forest, Others",Tambatan Perahu Lot Kala,50
Gretchen65,17,male,"Peak, Mountain, Tourist Village, Museum, Forest, Others",Bukit Lamreh,28
Gretchen65,17,male,"Peak, Mountain, Tourist Village, Museum, Forest, Others",Tambatan Perahu Lot Kala,50
Dedric_Waters97,-21,male,"Museum, Lake, Mountain, Forest, Peak, Others, Tourist Village, Beach, Recreational Park",Wisata Panorama alam Bukit Jalin,7
Dedric_Waters97,-21,male,"Museum, Lake, Mountain, Forest, Peak, Others, Tourist Village, Beach, Recreational Park",Pantai Ulee Lheue,25
Dedric_Waters97,-21,male,"Museum, Lake, Mountain, Forest, Peak, Others, Tourist Village, Beach, Recreational Park","Pemandian Air Panas ""Ie Seueum"" Aceh Besar",13
Dedric_Waters97,-21,male,"Museum, Lake, Mountain, Forest, Peak, Others, Tourist Village, Beach, Recreational Park",Pantai Ujong Kareung,20
Dedric_Waters97,-21,male,"Museum, Lake, Mountain, Forest, Peak, Others, Tourist Village, Beach, Recreational Park",Lhok Mata Ie Ujong Pancu,23
Dedric_Waters97,-21,male,"Museum, Lake, Mountain, Forest, Peak, Others, Tourist Village, Beach, Recreational Park",Wisata Panorama alam Bukit Jalin,7
Dedric_Waters97,-21,male,"Museum, Lake, Mountain, Forest, Peak, Others, Tourist Village, Beach, Recreational Park",Pantai Ulee Lheue,25
Dedric_Waters97,-21,male,"Museum, Lake, Mountain, Forest, Peak, Others, Tourist Village, Beach, Recreational Park","Pemandian Air Panas ""Ie Seueum"" Aceh Besar",13
Dedric_Waters97,-21,male,"Museum, Lake, Mountain, Forest, Peak, Others, Tourist Village, Beach, Recreational Park",Pantai Ujong Kareung,20
Dedric_Waters97,-21,male,"Museum, Lake, Mountain, Forest, Peak, Others, Tourist Village, Beach, Recreational Park",Lhok Mata Ie Ujong Pancu,23
Dedric_Waters97,-21,male,"Museum, Lake, Mountain, Forest, Peak, Others, Tourist Village, Beach, Recreational Park",Wisata Panorama alam Bukit Jalin,7
Dedric_Waters97,-21,male,"Museum, Lake, Mountain, Forest, Peak, Others, Tourist Village, Beach, Recreational Park",Pantai Ulee Lheue,25
Dedric_Waters97,-21,male,"Museum, Lake, Mountain, Forest, Peak, Others, Tourist Village, Beach, Recreational Park","Pemandian Air Panas ""Ie Seueum"" Aceh Besar",13
Dedric_Waters97,-21,male,"Museum, Lake, Mountain, Forest, Peak, Others, Tourist Village, Beach, Recreational Park",Pantai Ujong Kareung,20
Dedric_Waters97,-21,male,"Museum, Lake, Mountain, Forest, Peak, Others, Tourist Village, Beach, Recreational Park",Lhok Mata Ie Ujong Pancu,23
Dedric_Waters97,-21,male,"Museum, Lake, Mountain, Forest, Peak, Others, Tourist Village, Beach, Recreational Park",Wisata Panorama alam Bukit Jalin,7
Dedric_Waters97,-21,male,"Museum, Lake, Mountain, Forest, Peak, Others, Tourist Village, Beach, Recreational Park",Pantai Ulee Lheue,25
Dedric_Waters97,-21,male,"Museum, Lake, Mountain, Forest, Peak, Others, Tourist Village, Beach, Recreational Park","Pemandian Air Panas ""Ie Seueum"" Aceh Besar",13
Dedric_Waters97,-21,male,"Museum, Lake, Mountain, Forest, Peak, Others, Tourist Village, Beach, Recreational Park",Pantai Ujong Kareung,20
Dedric_Waters97,-21,male,"Museum, Lake, Mountain, Forest, Peak, Others, Tourist Village, Beach, Recreational Park",Lhok Mata Ie Ujong Pancu,23
Dedric_Waters97,-21,male,"Museum, Lake, Mountain, Forest, Peak, Others, Tourist Village, Beach, Recreational Park",Wisata Panorama alam Bukit Jalin,7
Dedric_Waters97,-21,male,"Museum, Lake, Mountain, Forest, Peak, Others, Tourist Village, Beach, Recreational Park",Pantai Ulee Lheue,25
Dedric_Waters97,-21,male,"Museum, Lake, Mountain, Forest, Peak, Others, Tourist Village, Beach, Recreational Park","Pemandian Air Panas ""Ie Seueum"" Aceh Besar",13
Dedric_Waters97,-21,male,"Museum, Lake, Mountain, Forest, Peak, Others, Tourist Village, Beach, Recreational Park",Pantai Ujong Kareung,20
Dedric_Waters97,-21,male,"Museum, Lake, Mountain, Forest, Peak, Others, Tourist Village, Beach, Recreational Park",Lhok Mata Ie Ujong Pancu,23
Kristy.Ledner,-13,male,"Recreational Park, Peak, Others, Tourist Village",Pria Laot Waterfall,14
Kristy.Ledner,-13,male,"Recreational Park, Peak, Others, Tourist Village",Pantai Ulee Lheue,35
Kristy.Ledner,-13,male,"Recreational Park, Peak, Others, Tourist Village",Bur Telege - Takengon,15
Kristy.Ledner,-13,male,"Recreational Park, Peak, Others, Tourist Village",Pria Laot Waterfall,14
Kristy.Ledner,-13,male,"Recreational Park, Peak, Others, Tourist Village",Pantai Ulee Lheue,35
Kristy.Ledner,-13,male,"Recreational Park, Peak, Others, Tourist Village",Bur Telege - Takengon,15
Kristy.Ledner,-13,male,"Recreational Park, Peak, Others, Tourist Village",Pria Laot Waterfall,14
Kristy.Ledner,-13,male,"Recreational Park, Peak, Others, Tourist Village",Pantai Ulee Lheue,35
Kristy.Ledner,-13,male,"Recreational Park, Peak, Others, Tourist Village",Bur Telege - Takengon,15
Wilfrid_Hickle57,-21,female,"Beach, Waterfall, Lake, Forest, Mountain, Tourist Village, Others, Museum, Peak",Bur Telege - Takengon,16
Wilfrid_Hickle57,-21,female,"Beach, Waterfall, Lake, Forest, Mountain, Tourist Village, Others, Museum, Peak",Arung Jeram Lukup Badak,21
Wilfrid_Hickle57,-21,female,"Beach, Waterfall, Lake, Forest, Mountain, Tourist Village, Others, Museum, Peak",Pantan Terong,12
Wilfrid_Hickle57,-21,female,"Beach, Waterfall, Lake, Forest, Mountain, Tourist Village, Others, Museum, Peak",Putri Pukes Cave,2
Wilfrid_Hickle57,-21,female,"Beach, Waterfall, Lake, Forest, Mountain, Tourist Village, Others, Museum, Peak",Bur Telege - Takengon,16
Wilfrid_Hickle57,-21,female,"Beach, Waterfall, Lake, Forest, Mountain, Tourist Village, Others, Museum, Peak",Arung Jeram Lukup Badak,21
Wilfrid_Hickle57,-21,female,"Beach, Waterfall, Lake, Forest, Mountain, Tourist Village, Others, Museum, Peak",Pantan Terong,12
Wilfrid_Hickle57,-21,female,"Beach, Waterfall, Lake, Forest, Mountain, Tourist Village, Others, Museum, Peak",Putri Pukes Cave,2
Wilfrid_Hickle57,-21,female,"Beach, Waterfall, Lake, Forest, Mountain, Tourist Village, Others, Museum, Peak",Bur Telege - Takengon,16
Wilfrid_Hickle57,-21,female,"Beach, Waterfall, Lake, Forest, Mountain, Tourist Village, Others, Museum, Peak",Arung Jeram Lukup Badak,21
Wilfrid_Hickle57,-21,female,"Beach, Waterfall, Lake, Forest, Mountain, Tourist Village, Others, Museum, Peak",Pantan Terong,12
Wilfrid_Hickle57,-21,female,"Beach, Waterfall, Lake, Forest, Mountain, Tourist Village, Others, Museum, Peak",Putri Pukes Cave,2
Wilfrid_Hickle57,-21,female,"Beach, Waterfall, Lake, Forest, Mountain, Tourist Village, Others, Museum, Peak",Bur Telege - Takengon,16
Wilfrid_Hickle57,-21,female,"Beach, Waterfall, Lake, Forest, Mountain, Tourist Village, Others, Museum, Peak",Arung Jeram Lukup Badak,21
Wilfrid_Hickle57,-21,female,"Beach, Waterfall, Lake, Forest, Mountain, Tourist Village, Others, Museum, Peak",Pantan Terong,12
Wilfrid_Hickle57,-21,female,"Beach, Waterfall, Lake, Forest, Mountain, Tourist Village, Others, Museum, Peak",Putri Pukes Cave,2
Craig_Von,-26,male,"Museum, Waterfall, Peak",Bukit Lamreh,4
Craig_Von,-26,male,"Museum, Waterfall, Peak",Waduk Jeulikat aceh,29
Craig_Von,-26,male,"Museum, Waterfall, Peak",Air terjun ceuraceu alue teungoh,28
Craig_Von,-26,male,"Museum, Waterfall, Peak",Pantai Sawang Biduk Buruak (SBB),11
Craig_Von,-26,male,"Museum, Waterfall, Peak",Taman Sulthanah Safiatuddin Banda Aceh,13
Craig_Von,-26,male,"Museum, Waterfall, Peak","Pemandian Air Panas ""Ie Seueum"" Aceh Besar",13
Craig_Von,-26,male,"Museum, Waterfall, Peak",Bukit Lamreh,4
Craig_Von,-26,male,"Museum, Waterfall, Peak",Waduk Jeulikat aceh,29
Craig_Von,-26,male,"Museum, Waterfall, Peak",Air terjun ceuraceu alue teungoh,28
Craig_Von,-26,male,"Museum, Waterfall, Peak",Pantai Sawang Biduk Buruak (SBB),11
Craig_Von,-26,male,"Museum, Waterfall, Peak",Taman Sulthanah Safiatuddin Banda Aceh,13
Craig_Von,-26,male,"Museum, Waterfall, Peak","Pemandian Air Panas ""Ie Seueum"" Aceh Besar",13
Craig_Von,-26,male,"Museum, Waterfall, Peak",Bukit Lamreh,4
Craig_Von,-26,male,"Museum, Waterfall, Peak",Waduk Jeulikat aceh,29
Craig_Von,-26,male,"Museum, Waterfall, Peak",Air terjun ceuraceu alue teungoh,28
Craig_Von,-26,male,"Museum, Waterfall, Peak",Pantai Sawang Biduk Buruak (SBB),11
Craig_Von,-26,male,"Museum, Waterfall, Peak",Taman Sulthanah Safiatuddin Banda Aceh,13
Craig_Von,-26,male,"Museum, Waterfall, Peak","Pemandian Air Panas ""Ie Seueum"" Aceh Besar",13
Craig_Von,-26,male,"Museum, Waterfall, Peak",Bukit Lamreh,4
Craig_Von,-26,male,"Museum, Waterfall, Peak",Waduk Jeulikat aceh,29
Craig_Von,-26,male,"Museum, Waterfall, Peak",Air terjun ceuraceu alue teungoh,28
Craig_Von,-26,male,"Museum, Waterfall, Peak",Pantai Sawang Biduk Buruak (SBB),11
Craig_Von,-26,male,"Museum, Waterfall, Peak",Taman Sulthanah Safiatuddin Banda Aceh,13
Craig_Von,-26,male,"Museum, Waterfall, Peak","Pemandian Air Panas ""Ie Seueum"" Aceh Besar",13
Craig_Von,-26,male,"Museum, Waterfall, Peak",Bukit Lamreh,4
Craig_Von,-26,male,"Museum, Waterfall, Peak",Waduk Jeulikat aceh,29
Craig_Von,-26,male,"Museum, Waterfall, Peak",Air terjun ceuraceu alue teungoh,28
Craig_Von,-26,male,"Museum, Waterfall, Peak",Pantai Sawang Biduk Buruak (SBB),11
Craig_Von,-26,male,"Museum, Waterfall, Peak",Taman Sulthanah Safiatuddin Banda Aceh,13
Craig_Von,-26,male,"Museum, Waterfall, Peak","Pemandian Air Panas ""Ie Seueum"" Aceh Besar",13
Craig_Von,-26,male,"Museum, Waterfall, Peak",Bukit Lamreh,4
Craig_Von,-26,male,"Museum, Waterfall, Peak",Waduk Jeulikat aceh,29
Craig_Von,-26,male,"Museum, Waterfall, Peak",Air terjun ceuraceu alue teungoh,28
Craig_Von,-26,male,"Museum, Waterfall, Peak",Pantai Sawang Biduk Buruak (SBB),11
Craig_Von,-26,male,"Museum, Waterfall, Peak",Taman Sulthanah Safiatuddin Banda Aceh,13
Craig_Von,-26,male,"Museum, Waterfall, Peak","Pemandian Air Panas ""Ie Seueum"" Aceh Besar",13
Malcolm.Fahey,7,female,"Mountain, Recreational Park, Others, Tourist Village, Forest",Pantai Sawang Biduk Buruak (SBB),23
Malcolm.Fahey,7,female,"Mountain, Recreational Park, Others, Tourist Village, Forest",Taman Putroe Phang,29
Malcolm.Fahey,7,female,"Mountain, Recreational Park, Others, Tourist Village, Forest",Bukit Lamreh,7
Malcolm.Fahey,7,female,"Mountain, Recreational Park, Others, Tourist Village, Forest",Pantai Sawang Biduk Buruak (SBB),23
Malcolm.Fahey,7,female,"Mountain, Recreational Park, Others, Tourist Village, Forest",Taman Putroe Phang,29
Malcolm.Fahey,7,female,"Mountain, Recreational Park, Others, Tourist Village, Forest",Bukit Lamreh,7
Malcolm.Fahey,7,female,"Mountain, Recreational Park, Others, Tourist Village, Forest",Pantai Sawang Biduk Buruak (SBB),23
Malcolm.Fahey,7,female,"Mountain, Recreational Park, Others, Tourist Village, Forest",Taman Putroe Phang,29
Malcolm.Fahey,7,female,"Mountain, Recreational Park, Others, Tourist Village, Forest",Bukit Lamreh,7
Angel.Hoeger35,-5,female,"Waterfall, Forest, Beach, Peak, Others",Air Terjun Elnaja,14
Angel.Hoeger35,-5,female,"Waterfall, Forest, Beach, Peak, Others",Pantai Lancok,10
Angel.Hoeger35,-5,female,"Waterfall, Forest, Beach, Peak, Others",Bukit Lamreh,3
Angel.Hoeger35,-5,female,"Waterfall, Forest, Beach, Peak, Others",Wisata Panorama alam Bukit Jalin,3
Angel.Hoeger35,-5,female,"Waterfall, Forest, Beach, Peak, Others",Tambatan Perahu Lot Kala,20
Angel.Hoeger35,-5,female,"Waterfall, Forest, Beach, Peak, Others",Air Terjun Elnaja,14
Angel.Hoeger35,-5,female,"Waterfall, Forest, Beach, Peak, Others",Pantai Lancok,10
Angel.Hoeger35,-5,female,"Waterfall, Forest, Beach, Peak, Others",Bukit Lamreh,3
Angel.Hoeger35,-5,female,"Waterfall, Forest, Beach, Peak, Others",Wisata Panorama alam Bukit Jalin,3
Angel.Hoeger35,-5,female,"Waterfall, Forest, Beach, Peak, Others",Tambatan Perahu Lot Kala,20
Angel.Hoeger35,-5,female,"Waterfall, Forest, Beach, Peak, Others",Air Terjun Elnaja,14
Angel.Hoeger35,-5,female,"Waterfall, Forest, Beach, Peak, Others",Pantai Lancok,10
Angel.Hoeger35,-5,female,"Waterfall, Forest, Beach, Peak, Others",Bukit Lamreh,3
Angel.Hoeger35,-5,female,"Waterfall, Forest, Beach, Peak, Others",Wisata Panorama alam Bukit Jalin,3
Angel.Hoeger35,-5,female,"Waterfall, Forest, Beach, Peak, Others",Tambatan Perahu Lot Kala,20
Angel.Hoeger35,-5,female,"Waterfall, Forest, Beach, Peak, Others",Air Terjun Elnaja,14
Angel.Hoeger35,-5,female,"Waterfall, Forest, Beach, Peak, Others",Pantai Lancok,10
Angel.Hoeger35,-5,female,"Waterfall, Forest, Beach, Peak, Others",Bukit Lamreh,3
Angel.Hoeger35,-5,female,"Waterfall, Forest, Beach, Peak, Others",Wisata Panorama alam Bukit Jalin,3
Angel.Hoeger35,-5,female,"Waterfall, Forest, Beach, Peak, Others",Tambatan Perahu Lot Kala,20
Angel.Hoeger35,-5,female,"Waterfall, Forest, Beach, Peak, Others",Air Terjun Elnaja,14
Angel.Hoeger35,-5,female,"Waterfall, Forest, Beach, Peak, Others",Pantai Lancok,10
Angel.Hoeger35,-5,female,"Waterfall, Forest, Beach, Peak, Others",Bukit Lamreh,3
Angel.Hoeger35,-5,female,"Waterfall, Forest, Beach, Peak, Others",Wisata Panorama alam Bukit Jalin,3
Angel.Hoeger35,-5,female,"Waterfall, Forest, Beach, Peak, Others",Tambatan Perahu Lot Kala,20
Evan.Wuckert24,-22,male,"Tourist Village, Recreational Park",Mon Ceunong,12
Evan.Wuckert24,-22,male,"Tourist Village, Recreational Park",Bur Telege - Takengon,3
Evan.Wuckert24,-22,male,"Tourist Village, Recreational Park",Mon Ceunong,12
Evan.Wuckert24,-22,male,"Tourist Village, Recreational Park",Bur Telege - Takengon,3
Noelia34,-11,female,"Museum, Lake, Waterfall",Taman Hutan Raya Pocut Meurah Intan,29
Noelia34,-11,female,"Museum, Lake, Waterfall",Ujung Nunang,15
Noelia34,-11,female,"Museum, Lake, Waterfall",Taman Hutan Raya Pocut Meurah Intan,29
Noelia34,-11,female,"Museum, Lake, Waterfall",Ujung Nunang,15
Kelli_Osinski27,-2,female,"Peak, Recreational Park, Waterfall",Pantai pelangi matang Rayeuk pp,22
Kelli_Osinski27,-2,female,"Peak, Recreational Park, Waterfall",Taman Putroe Phang,13
Kelli_Osinski27,-2,female,"Peak, Recreational Park, Waterfall","Desa Wisata Nusa, Aceh",19
Kelli_Osinski27,-2,female,"Peak, Recreational Park, Waterfall",Pantai Ulee Lheue,9
Kelli_Osinski27,-2,female,"Peak, Recreational Park, Waterfall",Pantai Suak Ribee,25
Kelli_Osinski27,-2,female,"Peak, Recreational Park, Waterfall",Bukit Siron,17
Kelli_Osinski27,-2,female,"Peak, Recreational Park, Waterfall",Pantai pelangi matang Rayeuk pp,22
Kelli_Osinski27,-2,female,"Peak, Recreational Park, Waterfall",Taman Putroe Phang,13
Kelli_Osinski27,-2,female,"Peak, Recreational Park, Waterfall","Desa Wisata Nusa, Aceh",19
Kelli_Osinski27,-2,female,"Peak, Recreational Park, Waterfall",Pantai Ulee Lheue,9
Kelli_Osinski27,-2,female,"Peak, Recreational Park, Waterfall",Pantai Suak Ribee,25
Kelli_Osinski27,-2,female,"Peak, Recreational Park, Waterfall",Bukit Siron,17
Kelli_Osinski27,-2,female,"Peak, Recreational Park, Waterfall",Pantai pelangi matang Rayeuk pp,22
Kelli_Osinski27,-2,female,"Peak, Recreational Park, Waterfall",Taman Putroe Phang,13
Kelli_Osinski27,-2,female,"Peak, Recreational Park, Waterfall","Desa Wisata Nusa, Aceh",19
Kelli_Osinski27,-2,female,"Peak, Recreational Park, Waterfall",Pantai Ulee Lheue,9
Kelli_Osinski27,-2,female,"Peak, Recreational Park, Waterfall",Pantai Suak Ribee,25
Kelli_Osinski27,-2,female,"Peak, Recreational Park, Waterfall",Bukit Siron,17
Kelli_Osinski27,-2,female,"Peak, Recreational Park, Waterfall",Pantai pelangi matang Rayeuk pp,22
Kelli_Osinski27,-2,female,"Peak, Recreational Park, Waterfall",Taman Putroe Phang,13
Kelli_Osinski27,-2,female,"Peak, Recreational Park, Waterfall","Desa Wisata Nusa, Aceh",19
Kelli_Osinski27,-2,female,"Peak, Recreational Park, Waterfall",Pantai Ulee Lheue,9
Kelli_Osinski27,-2,female,"Peak, Recreational Park, Waterfall",Pantai Suak Ribee,25
Kelli_Osinski27,-2,female,"Peak, Recreational Park, Waterfall",Bukit Siron,17
Kelli_Osinski27,-2,female,"Peak, Recreational Park, Waterfall",Pantai pelangi matang Rayeuk pp,22
Kelli_Osinski27,-2,female,"Peak, Recreational Park, Waterfall",Taman Putroe Phang,13
Kelli_Osinski27,-2,female,"Peak, Recreational Park, Waterfall","Desa Wisata Nusa, Aceh",19
Kelli_Osinski27,-2,female,"Peak, Recreational Park, Waterfall",Pantai Ulee Lheue,9
Kelli_Osinski27,-2,female,"Peak, Recreational Park, Waterfall",Pantai Suak Ribee,25
Kelli_Osinski27,-2,female,"Peak, Recreational Park, Waterfall",Bukit Siron,17
Kelli_Osinski27,-2,female,"Peak, Recreational Park, Waterfall",Pantai pelangi matang Rayeuk pp,22
Kelli_Osinski27,-2,female,"Peak, Recreational Park, Waterfall",Taman Putroe Phang,13
Kelli_Osinski27,-2,female,"Peak, Recreational Park, Waterfall","Desa Wisata Nusa, Aceh",19
Kelli_Osinski27,-2,female,"Peak, Recreational Park, Waterfall",Pantai Ulee Lheue,9
Kelli_Osinski27,-2,female,"Peak, Recreational Park, Waterfall",Pantai Suak Ribee,25
Kelli_Osinski27,-2,female,"Peak, Recreational Park, Waterfall",Bukit Siron,17
Jasper.Bernier10,6,female,"Peak, Museum",Wisata Panorama alam Bukit Jalin,28
Jasper.Bernier10,6,female,"Peak, Museum",Air Terjun Mengaya,26
Jasper.Bernier10,6,female,"Peak, Museum",Pantai Ujong Batee,6
Jasper.Bernier10,6,female,"Peak, Museum",Taman Putroe Phang,1
Jasper.Bernier10,6,female,"Peak, Museum",Pucok Krueng,21
Jasper.Bernier10,6,female,"Peak, Museum",Puncak Bukit Suharto,11
Jasper.Bernier10,6,female,"Peak, Museum",Wisata Panorama alam Bukit Jalin,28
Jasper.Bernier10,6,female,"Peak, Museum",Air Terjun Mengaya,26
Jasper.Bernier10,6,female,"Peak, Museum",Pantai Ujong Batee,6
Jasper.Bernier10,6,female,"Peak, Museum",Taman Putroe Phang,1
Jasper.Bernier10,6,female,"Peak, Museum",Pucok Krueng,21
Jasper.Bernier10,6,female,"Peak, Museum",Puncak Bukit Suharto,11
Jasper.Bernier10,6,female,"Peak, Museum",Wisata Panorama alam Bukit Jalin,28
Jasper.Bernier10,6,female,"Peak, Museum",Air Terjun Mengaya,26
Jasper.Bernier10,6,female,"Peak, Museum",Pantai Ujong Batee,6
Jasper.Bernier10,6,female,"Peak, Museum",Taman Putroe Phang,1
Jasper.Bernier10,6,female,"Peak, Museum",Pucok Krueng,21
Jasper.Bernier10,6,female,"Peak, Museum",Puncak Bukit Suharto,11
Jasper.Bernier10,6,female,"Peak, Museum",Wisata Panorama alam Bukit Jalin,28
Jasper.Bernier10,6,female,"Peak, Museum",Air Terjun Mengaya,26
Jasper.Bernier10,6,female,"Peak, Museum",Pantai Ujong Batee,6
Jasper.Bernier10,6,female,"Peak, Museum",Taman Putroe Phang,1
Jasper.Bernier10,6,female,"Peak, Museum",Pucok Krueng,21
Jasper.Bernier10,6,female,"Peak, Museum",Puncak Bukit Suharto,11
Jasper.Bernier10,6,female,"Peak, Museum",Wisata Panorama alam Bukit Jalin,28
Jasper.Bernier10,6,female,"Peak, Museum",Air Terjun Mengaya,26
Jasper.Bernier10,6,female,"Peak, Museum",Pantai Ujong Batee,6
Jasper.Bernier10,6,female,"Peak, Museum",Taman Putroe Phang,1
Jasper.Bernier10,6,female,"Peak, Museum",Pucok Krueng,21
Jasper.Bernier10,6,female,"Peak, Museum",Puncak Bukit Suharto,11
Jasper.Bernier10,6,female,"Peak, Museum",Wisata Panorama alam Bukit Jalin,28
Jasper.Bernier10,6,female,"Peak, Museum",Air Terjun Mengaya,26
Jasper.Bernier10,6,female,"Peak, Museum",Pantai Ujong Batee,6
Jasper.Bernier10,6,female,"Peak, Museum",Taman Putroe Phang,1
Jasper.Bernier10,6,female,"Peak, Museum",Pucok Krueng,21
Jasper.Bernier10,6,female,"Peak, Museum",Puncak Bukit Suharto,11
Alverta_Bradtke,-9,female,"Lake, Peak, Waterfall, Tourist Village, Museum, Others, Forest, Recreational Park",Pantai Lancok,9
Alverta_Bradtke,-9,female,"Lake, Peak, Waterfall, Tourist Village, Museum, Others, Forest, Recreational Park",Lhok Mata Ie Ujong Pancu,3
Alverta_Bradtke,-9,female,"Lake, Peak, Waterfall, Tourist Village, Museum, Others, Forest, Recreational Park",Tapak Tuan Tapa,25
Alverta_Bradtke,-9,female,"Lake, Peak, Waterfall, Tourist Village, Museum, Others, Forest, Recreational Park",Pantai Lancok,9
Alverta_Bradtke,-9,female,"Lake, Peak, Waterfall, Tourist Village, Museum, Others, Forest, Recreational Park",Lhok Mata Ie Ujong Pancu,3
Alverta_Bradtke,-9,female,"Lake, Peak, Waterfall, Tourist Village, Museum, Others, Forest, Recreational Park",Tapak Tuan Tapa,25
Alverta_Bradtke,-9,female,"Lake, Peak, Waterfall, Tourist Village, Museum, Others, Forest, Recreational Park",Pantai Lancok,9
Alverta_Bradtke,-9,female,"Lake, Peak, Waterfall, Tourist Village, Museum, Others, Forest, Recreational Park",Lhok Mata Ie Ujong Pancu,3
Alverta_Bradtke,-9,female,"Lake, Peak, Waterfall, Tourist Village, Museum, Others, Forest, Recreational Park",Tapak Tuan Tapa,25
Augusta_Koelpin20,-9,male,"Museum, Recreational Park, Forest, Waterfall, Peak, Others, Mountain",Natural park takengon,14
Augusta_Koelpin20,-9,male,"Museum, Recreational Park, Forest, Waterfall, Peak, Others, Mountain",Jantho Panorama Park,7
Augusta_Koelpin20,-9,male,"Museum, Recreational Park, Forest, Waterfall, Peak, Others, Mountain",Air Terjun Terujak,4
Augusta_Koelpin20,-9,male,"Museum, Recreational Park, Forest, Waterfall, Peak, Others, Mountain","Pantai Lhok Kubu, Calang",21
Augusta_Koelpin20,-9,male,"Museum, Recreational Park, Forest, Waterfall, Peak, Others, Mountain",Wisata Air terjun suhom,3
Augusta_Koelpin20,-9,male,"Museum, Recreational Park, Forest, Waterfall, Peak, Others, Mountain",Taman Batu Lepes,29
Augusta_Koelpin20,-9,male,"Museum, Recreational Park, Forest, Waterfall, Peak, Others, Mountain",Natural park takengon,14
Augusta_Koelpin20,-9,male,"Museum, Recreational Park, Forest, Waterfall, Peak, Others, Mountain",Jantho Panorama Park,7
Augusta_Koelpin20,-9,male,"Museum, Recreational Park, Forest, Waterfall, Peak, Others, Mountain",Air Terjun Terujak,4
Augusta_Koelpin20,-9,male,"Museum, Recreational Park, Forest, Waterfall, Peak, Others, Mountain","Pantai Lhok Kubu, Calang",21
Augusta_Koelpin20,-9,male,"Museum, Recreational Park, Forest, Waterfall, Peak, Others, Mountain",Wisata Air terjun suhom,3
Augusta_Koelpin20,-9,male,"Museum, Recreational Park, Forest, Waterfall, Peak, Others, Mountain",Taman Batu Lepes,29
Augusta_Koelpin20,-9,male,"Museum, Recreational Park, Forest, Waterfall, Peak, Others, Mountain",Natural park takengon,14
Augusta_Koelpin20,-9,male,"Museum, Recreational Park, Forest, Waterfall, Peak, Others, Mountain",Jantho Panorama Park,7
Augusta_Koelpin20,-9,male,"Museum, Recreational Park, Forest, Waterfall, Peak, Others, Mountain",Air Terjun Terujak,4
Augusta_Koelpin20,-9,male,"Museum, Recreational Park, Forest, Waterfall, Peak, Others, Mountain","Pantai Lhok Kubu, Calang",21
Augusta_Koelpin20,-9,male,"Museum, Recreational Park, Forest, Waterfall, Peak, Others, Mountain",Wisata Air terjun suhom,3
Augusta_Koelpin20,-9,male,"Museum, Recreational Park, Forest, Waterfall, Peak, Others, Mountain",Taman Batu Lepes,29
Augusta_Koelpin20,-9,male,"Museum, Recreational Park, Forest, Waterfall, Peak, Others, Mountain",Natural park takengon,14
Augusta_Koelpin20,-9,male,"Museum, Recreational Park, Forest, Waterfall, Peak, Others, Mountain",Jantho Panorama Park,7
Augusta_Koelpin20,-9,male,"Museum, Recreational Park, Forest, Waterfall, Peak, Others, Mountain",Air Terjun Terujak,4
Augusta_Koelpin20,-9,male,"Museum, Recreational Park, Forest, Waterfall, Peak, Others, Mountain","Pantai Lhok Kubu, Calang",21
Augusta_Koelpin20,-9,male,"Museum, Recreational Park, Forest, Waterfall, Peak, Others, Mountain",Wisata Air terjun suhom,3
Augusta_Koelpin20,-9,male,"Museum, Recreational Park, Forest, Waterfall, Peak, Others, Mountain",Taman Batu Lepes,29
Augusta_Koelpin20,-9,male,"Museum, Recreational Park, Forest, Waterfall, Peak, Others, Mountain",Natural park takengon,14
Augusta_Koelpin20,-9,male,"Museum, Recreational Park, Forest, Waterfall, Peak, Others, Mountain",Jantho Panorama Park,7
Augusta_Koelpin20,-9,male,"Museum, Recreational Park, Forest, Waterfall, Peak, Others, Mountain",Air Terjun Terujak,4
Augusta_Koelpin20,-9,male,"Museum, Recreational Park, Forest, Waterfall, Peak, Others, Mountain","Pantai Lhok Kubu, Calang",21
Augusta_Koelpin20,-9,male,"Museum, Recreational Park, Forest, Waterfall, Peak, Others, Mountain",Wisata Air terjun suhom,3
Augusta_Koelpin20,-9,male,"Museum, Recreational Park, Forest, Waterfall, Peak, Others, Mountain",Taman Batu Lepes,29
Augusta_Koelpin20,-9,male,"Museum, Recreational Park, Forest, Waterfall, Peak, Others, Mountain",Natural park takengon,14
Augusta_Koelpin20,-9,male,"Museum, Recreational Park, Forest, Waterfall, Peak, Others, Mountain",Jantho Panorama Park,7
Augusta_Koelpin20,-9,male,"Museum, Recreational Park, Forest, Waterfall, Peak, Others, Mountain",Air Terjun Terujak,4
Augusta_Koelpin20,-9,male,"Museum, Recreational Park, Forest, Waterfall, Peak, Others, Mountain","Pantai Lhok Kubu, Calang",21
Augusta_Koelpin20,-9,male,"Museum, Recreational Park, Forest, Waterfall, Peak, Others, Mountain",Wisata Air terjun suhom,3
Augusta_Koelpin20,-9,male,"Museum, Recreational Park, Forest, Waterfall, Peak, Others, Mountain",Taman Batu Lepes,29
Lisandro_Ebert27,-6,female,"Others, Museum, Waterfall, Peak, Tourist Village",Tambatan Perahu Lot Kala,31
Lisandro_Ebert27,-6,female,"Others, Museum, Waterfall, Peak, Tourist Village",Air Terjun Peukan Biluy,12
Lisandro_Ebert27,-6,female,"Others, Museum, Waterfall, Peak, Tourist Village",Taman Batu Lepes,24
Lisandro_Ebert27,-6,female,"Others, Museum, Waterfall, Peak, Tourist Village",Tambatan Perahu Lot Kala,31
Lisandro_Ebert27,-6,female,"Others, Museum, Waterfall, Peak, Tourist Village",Air Terjun Peukan Biluy,12
Lisandro_Ebert27,-6,female,"Others, Museum, Waterfall, Peak, Tourist Village",Taman Batu Lepes,24
Lisandro_Ebert27,-6,female,"Others, Museum, Waterfall, Peak, Tourist Village",Tambatan Perahu Lot Kala,31
Lisandro_Ebert27,-6,female,"Others, Museum, Waterfall, Peak, Tourist Village",Air Terjun Peukan Biluy,12
Lisandro_Ebert27,-6,female,"Others, Museum, Waterfall, Peak, Tourist Village",Taman Batu Lepes,24
Zackary.Jerde63,13,male,"Tourist Village, Recreational Park, Waterfall, Peak, Others, Forest",Tambatan Perahu Lot Kala,27
Zackary.Jerde63,13,male,"Tourist Village, Recreational Park, Waterfall, Peak, Others, Forest",Pantan Terong,29
Zackary.Jerde63,13,male,"Tourist Village, Recreational Park, Waterfall, Peak, Others, Forest",Tambatan Perahu Lot Kala,27
Zackary.Jerde63,13,male,"Tourist Village, Recreational Park, Waterfall, Peak, Others, Forest",Pantan Terong,29
Ellen.Langworth92,-12,male,"Lake, Tourist Village, Forest, Peak, Beach, Recreational Park, Mountain, Museum","Brayeung, Leupung",21
Ellen.Langworth92,-12,male,"Lake, Tourist Village, Forest, Peak, Beach, Recreational Park, Mountain, Museum",Taman Nasional Gunung Leuser,20
Ellen.Langworth92,-12,male,"Lake, Tourist Village, Forest, Peak, Beach, Recreational Park, Mountain, Museum",Bukit Lamreh,3
Ellen.Langworth92,-12,male,"Lake, Tourist Village, Forest, Peak, Beach, Recreational Park, Mountain, Museum","Brayeung, Leupung",21
Ellen.Langworth92,-12,male,"Lake, Tourist Village, Forest, Peak, Beach, Recreational Park, Mountain, Museum",Taman Nasional Gunung Leuser,20
Ellen.Langworth92,-12,male,"Lake, Tourist Village, Forest, Peak, Beach, Recreational Park, Mountain, Museum",Bukit Lamreh,3
Ellen.Langworth92,-12,male,"Lake, Tourist Village, Forest, Peak, Beach, Recreational Park, Mountain, Museum","Brayeung, Leupung",21
Ellen.Langworth92,-12,male,"Lake, Tourist Village, Forest, Peak, Beach, Recreational Park, Mountain, Museum",Taman Nasional Gunung Leuser,20
Ellen.Langworth92,-12,male,"Lake, Tourist Village, Forest, Peak, Beach, Recreational Park, Mountain, Museum",Bukit Lamreh,3
Cyrus.Jast,-11,female,"Forest, Others, Tourist Village, Recreational Park, Mountain, Museum, Peak, Waterfall",Ujung Nunang,29
Cyrus.Jast,-11,female,"Forest, Others, Tourist Village, Recreational Park, Mountain, Museum, Peak, Waterfall",Taman Putroe Phang,14
Cyrus.Jast,-11,female,"Forest, Others, Tourist Village, Recreational Park, Mountain, Museum, Peak, Waterfall",Panorama Gunong Keutapang,15
Cyrus.Jast,-11,female,"Forest, Others, Tourist Village, Recreational Park, Mountain, Museum, Peak, Waterfall",Taman Hutan Raya Pocut Meurah Intan,14
Cyrus.Jast,-11,female,"Forest, Others, Tourist Village, Recreational Park, Mountain, Museum, Peak, Waterfall",Ujung Nunang,29
Cyrus.Jast,-11,female,"Forest, Others, Tourist Village, Recreational Park, Mountain, Museum, Peak, Waterfall",Taman Putroe Phang,14
Cyrus.Jast,-11,female,"Forest, Others, Tourist Village, Recreational Park, Mountain, Museum, Peak, Waterfall",Panorama Gunong Keutapang,15
Cyrus.Jast,-11,female,"Forest, Others, Tourist Village, Recreational Park, Mountain, Museum, Peak, Waterfall",Taman Hutan Raya Pocut Meurah Intan,14
Cyrus.Jast,-11,female,"Forest, Others, Tourist Village, Recreational Park, Mountain, Museum, Peak, Waterfall",Ujung Nunang,29
Cyrus.Jast,-11,female,"Forest, Others, Tourist Village, Recreational Park, Mountain, Museum, Peak, Waterfall",Taman Putroe Phang,14
Cyrus.Jast,-11,female,"Forest, Others, Tourist Village, Recreational Park, Mountain, Museum, Peak, Waterfall",Panorama Gunong Keutapang,15
Cyrus.Jast,-11,female,"Forest, Others, Tourist Village, Recreational Park, Mountain, Museum, Peak, Waterfall",Taman Hutan Raya Pocut Meurah Intan,14
Cyrus.Jast,-11,female,"Forest, Others, Tourist Village, Recreational Park, Mountain, Museum, Peak, Waterfall",Ujung Nunang,29
Cyrus.Jast,-11,female,"Forest, Others, Tourist Village, Recreational Park, Mountain, Museum, Peak, Waterfall",Taman Putroe Phang,14
Cyrus.Jast,-11,female,"Forest, Others, Tourist Village, Recreational Park, Mountain, Museum, Peak, Waterfall",Panorama Gunong Keutapang,15
Cyrus.Jast,-11,female,"Forest, Others, Tourist Village, Recreational Park, Mountain, Museum, Peak, Waterfall",Taman Hutan Raya Pocut Meurah Intan,14
Rogelio.Turcotte,3,female,"Museum, Peak, Forest, Waterfall","Pantai Lhok Kubu, Calang",13
Rogelio.Turcotte,3,female,"Museum, Peak, Forest, Waterfall","Brayeung, Leupung",25
Rogelio.Turcotte,3,female,"Museum, Peak, Forest, Waterfall",Pantai Ujong Kareung,6
Rogelio.Turcotte,3,female,"Museum, Peak, Forest, Waterfall",Mon Ceunong,4
Rogelio.Turcotte,3,female,"Museum, Peak, Forest, Waterfall",Desa Wisata Lubuk Sukon,16
Rogelio.Turcotte,3,female,"Museum, Peak, Forest, Waterfall","Pantai Lhok Kubu, Calang",13
Rogelio.Turcotte,3,female,"Museum, Peak, Forest, Waterfall","Brayeung, Leupung",25
Rogelio.Turcotte,3,female,"Museum, Peak, Forest, Waterfall",Pantai Ujong Kareung,6
Rogelio.Turcotte,3,female,"Museum, Peak, Forest, Waterfall",Mon Ceunong,4
Rogelio.Turcotte,3,female,"Museum, Peak, Forest, Waterfall",Desa Wisata Lubuk Sukon,16
Rogelio.Turcotte,3,female,"Museum, Peak, Forest, Waterfall","Pantai Lhok Kubu, Calang",13
Rogelio.Turcotte,3,female,"Museum, Peak, Forest, Waterfall","Brayeung, Leupung",25
Rogelio.Turcotte,3,female,"Museum, Peak, Forest, Waterfall",Pantai Ujong Kareung,6
Rogelio.Turcotte,3,female,"Museum, Peak, Forest, Waterfall",Mon Ceunong,4
Rogelio.Turcotte,3,female,"Museum, Peak, Forest, Waterfall",Desa Wisata Lubuk Sukon,16
Rogelio.Turcotte,3,female,"Museum, Peak, Forest, Waterfall","Pantai Lhok Kubu, Calang",13
Rogelio.Turcotte,3,female,"Museum, Peak, Forest, Waterfall","Brayeung, Leupung",25
Rogelio.Turcotte,3,female,"Museum, Peak, Forest, Waterfall",Pantai Ujong Kareung,6
Rogelio.Turcotte,3,female,"Museum, Peak, Forest, Waterfall",Mon Ceunong,4
Rogelio.Turcotte,3,female,"Museum, Peak, Forest, Waterfall",Desa Wisata Lubuk Sukon,16
Rogelio.Turcotte,3,female,"Museum, Peak, Forest, Waterfall","Pantai Lhok Kubu, Calang",13
Rogelio.Turcotte,3,female,"Museum, Peak, Forest, Waterfall","Brayeung, Leupung",25
Rogelio.Turcotte,3,female,"Museum, Peak, Forest, Waterfall",Pantai Ujong Kareung,6
Rogelio.Turcotte,3,female,"Museum, Peak, Forest, Waterfall",Mon Ceunong,4
Rogelio.Turcotte,3,female,"Museum, Peak, Forest, Waterfall",Desa Wisata Lubuk Sukon,16
Kieran.Reilly85,-1,female,"Recreational Park, Lake, Tourist Village, Museum, Mountain, Peak, Waterfall, Beach, Others",Pantai Ujong Kareung,13
Kieran.Reilly85,-1,female,"Recreational Park, Lake, Tourist Village, Museum, Mountain, Peak, Waterfall, Beach, Others",Waduk Jeulikat aceh,6
Kieran.Reilly85,-1,female,"Recreational Park, Lake, Tourist Village, Museum, Mountain, Peak, Waterfall, Beach, Others",Pantai Ujong Kareung,13
Kieran.Reilly85,-1,female,"Recreational Park, Lake, Tourist Village, Museum, Mountain, Peak, Waterfall, Beach, Others",Waduk Jeulikat aceh,6
Devante_Thompson12,23,male,"Mountain, Lake, Waterfall, Beach",Wisata Air terjun suhom,7
Devante_Thompson12,23,male,"Mountain, Lake, Waterfall, Beach",Mon Ceunong,2
Devante_Thompson12,23,male,"Mountain, Lake, Waterfall, Beach",Taman Sulthanah Safiatuddin Banda Aceh,15
Devante_Thompson12,23,male,"Mountain, Lake, Waterfall, Beach",Wisata Air terjun suhom,7
Devante_Thompson12,23,male,"Mountain, Lake, Waterfall, Beach",Mon Ceunong,2
Devante_Thompson12,23,male,"Mountain, Lake, Waterfall, Beach",Taman Sulthanah Safiatuddin Banda Aceh,15
Devante_Thompson12,23,male,"Mountain, Lake, Waterfall, Beach",Wisata Air terjun suhom,7
Devante_Thompson12,23,male,"Mountain, Lake, Waterfall, Beach",Mon Ceunong,2
Devante_Thompson12,23,male,"Mountain, Lake, Waterfall, Beach",Taman Sulthanah Safiatuddin Banda Aceh,15
Lilla55,-7,female,"Museum, Beach, Others, Recreational Park, Forest, Mountain",Putri Pukes Cave,6
Lilla55,-7,female,"Museum, Beach, Others, Recreational Park, Forest, Mountain",Arung Jeram Lukup Badak,2
Lilla55,-7,female,"Museum, Beach, Others, Recreational Park, Forest, Mountain",Taman Rusa Aceh Besar,7
Lilla55,-7,female,"Museum, Beach, Others, Recreational Park, Forest, Mountain",Putri Pukes Cave,6
Lilla55,-7,female,"Museum, Beach, Others, Recreational Park, Forest, Mountain",Arung Jeram Lukup Badak,2
Lilla55,-7,female,"Museum, Beach, Others, Recreational Park, Forest, Mountain",Taman Rusa Aceh Besar,7
Lilla55,-7,female,"Museum, Beach, Others, Recreational Park, Forest, Mountain",Putri Pukes Cave,6
Lilla55,-7,female,"Museum, Beach, Others, Recreational Park, Forest, Mountain",Arung Jeram Lukup Badak,2
Lilla55,-7,female,"Museum, Beach, Others, Recreational Park, Forest, Mountain",Taman Rusa Aceh Besar,7
Norberto_Bechtelar26,5,male,"Peak, Waterfall, Tourist Village, Forest, Beach",Mon Ceunong,25
Norberto_Bechtelar26,5,male,"Peak, Waterfall, Tourist Village, Forest, Beach",Pantai Suak Ribee,10
Norberto_Bechtelar26,5,male,"Peak, Waterfall, Tourist Village, Forest, Beach",Jantho Panorama Park,5
Norberto_Bechtelar26,5,male,"Peak, Waterfall, Tourist Village, Forest, Beach",Mon Ceunong,25
Norberto_Bechtelar26,5,male,"Peak, Waterfall, Tourist Village, Forest, Beach",Pantai Suak Ribee,10
Norberto_Bechtelar26,5,male,"Peak, Waterfall, Tourist Village, Forest, Beach",Jantho Panorama Park,5
Norberto_Bechtelar26,5,male,"Peak, Waterfall, Tourist Village, Forest, Beach",Mon Ceunong,25
Norberto_Bechtelar26,5,male,"Peak, Waterfall, Tourist Village, Forest, Beach",Pantai Suak Ribee,10
Norberto_Bechtelar26,5,male,"Peak, Waterfall, Tourist Village, Forest, Beach",Jantho Panorama Park,5
Torey25,-10,female,"Others, Tourist Village, Forest, Beach, Recreational Park, Mountain, Museum, Lake, Peak",Mon Ceunong,7
Torey25,-10,female,"Others, Tourist Village, Forest, Beach, Recreational Park, Mountain, Museum, Lake, Peak","Brayeung, Leupung",26
Torey25,-10,female,"Others, Tourist Village, Forest, Beach, Recreational Park, Mountain, Museum, Lake, Peak",Mon Ceunong,7
Torey25,-10,female,"Others, Tourist Village, Forest, Beach, Recreational Park, Mountain, Museum, Lake, Peak","Brayeung, Leupung",26
Wanda36,-4,female,"Tourist Village, Others, Lake, Museum",Tambatan Perahu Lot Kala,15
Wanda36,-4,female,"Tourist Village, Others, Lake, Museum",Jantho Panorama Park,5
Wanda36,-4,female,"Tourist Village, Others, Lake, Museum",Taman Nasional Gunung Leuser,9
Wanda36,-4,female,"Tourist Village, Others, Lake, Museum",Tambatan Perahu Lot Kala,15
Wanda36,-4,female,"Tourist Village, Others, Lake, Museum",Jantho Panorama Park,5
Wanda36,-4,female,"Tourist Village, Others, Lake, Museum",Taman Nasional Gunung Leuser,9
Wanda36,-4,female,"Tourist Village, Others, Lake, Museum",Tambatan Perahu Lot Kala,15
Wanda36,-4,female,"Tourist Village, Others, Lake, Museum",Jantho Panorama Park,5
Wanda36,-4,female,"Tourist Village, Others, Lake, Museum",Taman Nasional Gunung Leuser,9
Timothy.Lind-Feest34,6,female,"Others, Beach, Recreational Park, Waterfall, Forest, Museum, Peak, Mountain, Lake",Wisata Panorama alam Bukit Jalin,8
Timothy.Lind-Feest34,6,female,"Others, Beach, Recreational Park, Waterfall, Forest, Museum, Peak, Mountain, Lake",Wisata Gua Sarang,2
Timothy.Lind-Feest34,6,female,"Others, Beach, Recreational Park, Waterfall, Forest, Museum, Peak, Mountain, Lake",Wisata Panorama alam Bukit Jalin,8
Timothy.Lind-Feest34,6,female,"Others, Beach, Recreational Park, Waterfall, Forest, Museum, Peak, Mountain, Lake",Wisata Gua Sarang,2
Daija95,-20,male,"Others, Waterfall, Peak",Tapak Tuan Tapa,24
Daija95,-20,male,"Others, Waterfall, Peak",Putri Pukes Cave,11
Daija95,-20,male,"Others, Waterfall, Peak",Waduk Jeulikat aceh,22
Daija95,-20,male,"Others, Waterfall, Peak",Tapak Tuan Tapa,24
Daija95,-20,male,"Others, Waterfall, Peak",Putri Pukes Cave,11
Daija95,-20,male,"Others, Waterfall, Peak",Waduk Jeulikat aceh,22
Daija95,-20,male,"Others, Waterfall, Peak",Tapak Tuan Tapa,24
Daija95,-20,male,"Others, Waterfall, Peak",Putri Pukes Cave,11
Daija95,-20,male,"Others, Waterfall, Peak",Waduk Jeulikat aceh,22
Cleve_Kozey3,7,male,"Waterfall, Tourist Village, Museum, Mountain, Others, Beach, Forest",Pantan Terong,24
Cleve_Kozey3,7,male,"Waterfall, Tourist Village, Museum, Mountain, Others, Beach, Forest",Air Terjun Mengaya,6
Cleve_Kozey3,7,male,"Waterfall, Tourist Village, Museum, Mountain, Others, Beach, Forest",Taman Sulthanah Safiatuddin Banda Aceh,20
Cleve_Kozey3,7,male,"Waterfall, Tourist Village, Museum, Mountain, Others, Beach, Forest",Tugu Kupiah Teuku Umar,26
Cleve_Kozey3,7,male,"Waterfall, Tourist Village, Museum, Mountain, Others, Beach, Forest",Pantan Terong,24
Cleve_Kozey3,7,male,"Waterfall, Tourist Village, Museum, Mountain, Others, Beach, Forest",Air Terjun Mengaya,6
Cleve_Kozey3,7,male,"Waterfall, Tourist Village, Museum, Mountain, Others, Beach, Forest",Taman Sulthanah Safiatuddin Banda Aceh,20
Cleve_Kozey3,7,male,"Waterfall, Tourist Village, Museum, Mountain, Others, Beach, Forest",Tugu Kupiah Teuku Umar,26
Cleve_Kozey3,7,male,"Waterfall, Tourist Village, Museum, Mountain, Others, Beach, Forest",Pantan Terong,24
Cleve_Kozey3,7,male,"Waterfall, Tourist Village, Museum, Mountain, Others, Beach, Forest",Air Terjun Mengaya,6
Cleve_Kozey3,7,male,"Waterfall, Tourist Village, Museum, Mountain, Others, Beach, Forest",Taman Sulthanah Safiatuddin Banda Aceh,20
Cleve_Kozey3,7,male,"Waterfall, Tourist Village, Museum, Mountain, Others, Beach, Forest",Tugu Kupiah Teuku Umar,26
Cleve_Kozey3,7,male,"Waterfall, Tourist Village, Museum, Mountain, Others, Beach, Forest",Pantan Terong,24
Cleve_Kozey3,7,male,"Waterfall, Tourist Village, Museum, Mountain, Others, Beach, Forest",Air Terjun Mengaya,6
Cleve_Kozey3,7,male,"Waterfall, Tourist Village, Museum, Mountain, Others, Beach, Forest",Taman Sulthanah Safiatuddin Banda Aceh,20
Cleve_Kozey3,7,male,"Waterfall, Tourist Village, Museum, Mountain, Others, Beach, Forest",Tugu Kupiah Teuku Umar,26
Hal3,-12,female,"Forest, Beach, Tourist Village, Peak, Recreational Park, Waterfall",Pria Laot Waterfall,10
Hal3,-12,female,"Forest, Beach, Tourist Village, Peak, Recreational Park, Waterfall",Tambatan Perahu Lot Kala,21
Hal3,-12,female,"Forest, Beach, Tourist Village, Peak, Recreational Park, Waterfall",Pria Laot Waterfall,10
Hal3,-12,female,"Forest, Beach, Tourist Village, Peak, Recreational Park, Waterfall",Tambatan Perahu Lot Kala,21
Bud_Kiehn6,4,female,"Waterfall, Museum, Forest, Others, Recreational Park, Mountain",Natural park takengon,8
Bud_Kiehn6,4,female,"Waterfall, Museum, Forest, Others, Recreational Park, Mountain",Desa Wisata Lubuk Sukon,8
Bud_Kiehn6,4,female,"Waterfall, Museum, Forest, Others, Recreational Park, Mountain",Taman Bustanussalatin,12
Bud_Kiehn6,4,female,"Waterfall, Museum, Forest, Others, Recreational Park, Mountain",Ujung Nunang,27
Bud_Kiehn6,4,female,"Waterfall, Museum, Forest, Others, Recreational Park, Mountain",Wisata Air terjun suhom,7
Bud_Kiehn6,4,female,"Waterfall, Museum, Forest, Others, Recreational Park, Mountain",Natural park takengon,8
Bud_Kiehn6,4,female,"Waterfall, Museum, Forest, Others, Recreational Park, Mountain",Desa Wisata Lubuk Sukon,8
Bud_Kiehn6,4,female,"Waterfall, Museum, Forest, Others, Recreational Park, Mountain",Taman Bustanussalatin,12
Bud_Kiehn6,4,female,"Waterfall, Museum, Forest, Others, Recreational Park, Mountain",Ujung Nunang,27
Bud_Kiehn6,4,female,"Waterfall, Museum, Forest, Others, Recreational Park, Mountain",Wisata Air terjun suhom,7
Bud_Kiehn6,4,female,"Waterfall, Museum, Forest, Others, Recreational Park, Mountain",Natural park takengon,8
Bud_Kiehn6,4,female,"Waterfall, Museum, Forest, Others, Recreational Park, Mountain",Desa Wisata Lubuk Sukon,8
Bud_Kiehn6,4,female,"Waterfall, Museum, Forest, Others, Recreational Park, Mountain",Taman Bustanussalatin,12
Bud_Kiehn6,4,female,"Waterfall, Museum, Forest, Others, Recreational Park, Mountain",Ujung Nunang,27
Bud_Kiehn6,4,female,"Waterfall, Museum, Forest, Others, Recreational Park, Mountain",Wisata Air terjun suhom,7
Bud_Kiehn6,4,female,"Waterfall, Museum, Forest, Others, Recreational Park, Mountain",Natural park takengon,8
Bud_Kiehn6,4,female,"Waterfall, Museum, Forest, Others, Recreational Park, Mountain",Desa Wisata Lubuk Sukon,8
Bud_Kiehn6,4,female,"Waterfall, Museum, Forest, Others, Recreational Park, Mountain",Taman Bustanussalatin,12
Bud_Kiehn6,4,female,"Waterfall, Museum, Forest, Others, Recreational Park, Mountain",Ujung Nunang,27
Bud_Kiehn6,4,female,"Waterfall, Museum, Forest, Others, Recreational Park, Mountain",Wisata Air terjun suhom,7
Bud_Kiehn6,4,female,"Waterfall, Museum, Forest, Others, Recreational Park, Mountain",Natural park takengon,8
Bud_Kiehn6,4,female,"Waterfall, Museum, Forest, Others, Recreational Park, Mountain",Desa Wisata Lubuk Sukon,8
Bud_Kiehn6,4,female,"Waterfall, Museum, Forest, Others, Recreational Park, Mountain",Taman Bustanussalatin,12
Bud_Kiehn6,4,female,"Waterfall, Museum, Forest, Others, Recreational Park, Mountain",Ujung Nunang,27
Bud_Kiehn6,4,female,"Waterfall, Museum, Forest, Others, Recreational Park, Mountain",Wisata Air terjun suhom,7
Neoma_Kerluke1,-2,male,"Recreational Park, Peak, Beach, Forest, Waterfall, Tourist Village, Museum, Others","Pemandian Air Panas ""Ie Seueum"" Aceh Besar",25
Neoma_Kerluke1,-2,male,"Recreational Park, Peak, Beach, Forest, Waterfall, Tourist Village, Museum, Others",Putri Pukes Cave,19
Neoma_Kerluke1,-2,male,"Recreational Park, Peak, Beach, Forest, Waterfall, Tourist Village, Museum, Others",Wisata Air terjun suhom,22
Neoma_Kerluke1,-2,male,"Recreational Park, Peak, Beach, Forest, Waterfall, Tourist Village, Museum, Others",Air terjun ceuraceu alue teungoh,15
Neoma_Kerluke1,-2,male,"Recreational Park, Peak, Beach, Forest, Waterfall, Tourist Village, Museum, Others",Air Terjun Mengaya,25
Neoma_Kerluke1,-2,male,"Recreational Park, Peak, Beach, Forest, Waterfall, Tourist Village, Museum, Others","Pemandian Air Panas ""Ie Seueum"" Aceh Besar",25
Neoma_Kerluke1,-2,male,"Recreational Park, Peak, Beach, Forest, Waterfall, Tourist Village, Museum, Others",Putri Pukes Cave,19
Neoma_Kerluke1,-2,male,"Recreational Park, Peak, Beach, Forest, Waterfall, Tourist Village, Museum, Others",Wisata Air terjun suhom,22
Neoma_Kerluke1,-2,male,"Recreational Park, Peak, Beach, Forest, Waterfall, Tourist Village, Museum, Others",Air terjun ceuraceu alue teungoh,15
Neoma_Kerluke1,-2,male,"Recreational Park, Peak, Beach, Forest, Waterfall, Tourist Village, Museum, Others",Air Terjun Mengaya,25
Neoma_Kerluke1,-2,male,"Recreational Park, Peak, Beach, Forest, Waterfall, Tourist Village, Museum, Others","Pemandian Air Panas ""Ie Seueum"" Aceh Besar",25
Neoma_Kerluke1,-2,male,"Recreational Park, Peak, Beach, Forest, Waterfall, Tourist Village, Museum, Others",Putri Pukes Cave,19
Neoma_Kerluke1,-2,male,"Recreational Park, Peak, Beach, Forest, Waterfall, Tourist Village, Museum, Others",Wisata Air terjun suhom,22
Neoma_Kerluke1,-2,male,"Recreational Park, Peak, Beach, Forest, Waterfall, Tourist Village, Museum, Others",Air terjun ceuraceu alue teungoh,15
Neoma_Kerluke1,-2,male,"Recreational Park, Peak, Beach, Forest, Waterfall, Tourist Village, Museum, Others",Air Terjun Mengaya,25
Neoma_Kerluke1,-2,male,"Recreational Park, Peak, Beach, Forest, Waterfall, Tourist Village, Museum, Others","Pemandian Air Panas ""Ie Seueum"" Aceh Besar",25
Neoma_Kerluke1,-2,male,"Recreational Park, Peak, Beach, Forest, Waterfall, Tourist Village, Museum, Others",Putri Pukes Cave,19
Neoma_Kerluke1,-2,male,"Recreational Park, Peak, Beach, Forest, Waterfall, Tourist Village, Museum, Others",Wisata Air terjun suhom,22
Neoma_Kerluke1,-2,male,"Recreational Park, Peak, Beach, Forest, Waterfall, Tourist Village, Museum, Others",Air terjun ceuraceu alue teungoh,15
Neoma_Kerluke1,-2,male,"Recreational Park, Peak, Beach, Forest, Waterfall, Tourist Village, Museum, Others",Air Terjun Mengaya,25
Neoma_Kerluke1,-2,male,"Recreational Park, Peak, Beach, Forest, Waterfall, Tourist Village, Museum, Others","Pemandian Air Panas ""Ie Seueum"" Aceh Besar",25
Neoma_Kerluke1,-2,male,"Recreational Park, Peak, Beach, Forest, Waterfall, Tourist Village, Museum, Others",Putri Pukes Cave,19
Neoma_Kerluke1,-2,male,"Recreational Park, Peak, Beach, Forest, Waterfall, Tourist Village, Museum, Others",Wisata Air terjun suhom,22
Neoma_Kerluke1,-2,male,"Recreational Park, Peak, Beach, Forest, Waterfall, Tourist Village, Museum, Others",Air terjun ceuraceu alue teungoh,15
Neoma_Kerluke1,-2,male,"Recreational Park, Peak, Beach, Forest, Waterfall, Tourist Village, Museum, Others",Air Terjun Mengaya,25
Carlo0,-12,female,"Waterfall, Forest","Pemandian Air Panas ""Ie Seueum"" Aceh Besar",6
Carlo0,-12,female,"Waterfall, Forest",Bukit Siron,15
Carlo0,-12,female,"Waterfall, Forest","Pemandian Air Panas ""Ie Seueum"" Aceh Besar",6
Carlo0,-12,female,"Waterfall, Forest",Bukit Siron,15
Samara.Keebler,-5,female,"Mountain, Others, Peak, Lake, Forest",Taman Putroe Phang,26
Samara.Keebler,-5,female,"Mountain, Others, Peak, Lake, Forest",Tapak Tuan Tapa,24
Samara.Keebler,-5,female,"Mountain, Others, Peak, Lake, Forest",Taman Putroe Phang,26
Samara.Keebler,-5,female,"Mountain, Others, Peak, Lake, Forest",Tapak Tuan Tapa,24
Leila_Huel31,23,male,"Recreational Park, Peak, Tourist Village",Pantai Suak Ribee,26
Leila_Huel31,23,male,"Recreational Park, Peak, Tourist Village",Taman Nasional Gunung Leuser,3
Leila_Huel31,23,male,"Recreational Park, Peak, Tourist Village",Wisata Panorama alam Bukit Jalin,12
Leila_Huel31,23,male,"Recreational Park, Peak, Tourist Village",Desa Wisata Lubuk Sukon,14
Leila_Huel31,23,male,"Recreational Park, Peak, Tourist Village",Pantai Suak Ribee,26
Leila_Huel31,23,male,"Recreational Park, Peak, Tourist Village",Taman Nasional Gunung Leuser,3
Leila_Huel31,23,male,"Recreational Park, Peak, Tourist Village",Wisata Panorama alam Bukit Jalin,12
Leila_Huel31,23,male,"Recreational Park, Peak, Tourist Village",Desa Wisata Lubuk Sukon,14
Leila_Huel31,23,male,"Recreational Park, Peak, Tourist Village",Pantai Suak Ribee,26
Leila_Huel31,23,male,"Recreational Park, Peak, Tourist Village",Taman Nasional Gunung Leuser,3
Leila_Huel31,23,male,"Recreational Park, Peak, Tourist Village",Wisata Panorama alam Bukit Jalin,12
Leila_Huel31,23,male,"Recreational Park, Peak, Tourist Village",Desa Wisata Lubuk Sukon,14
Leila_Huel31,23,male,"Recreational Park, Peak, Tourist Village",Pantai Suak Ribee,26
Leila_Huel31,23,male,"Recreational Park, Peak, Tourist Village",Taman Nasional Gunung Leuser,3
Leila_Huel31,23,male,"Recreational Park, Peak, Tourist Village",Wisata Panorama alam Bukit Jalin,12
Leila_Huel31,23,male,"Recreational Park, Peak, Tourist Village",Desa Wisata Lubuk Sukon,14
Alek23,19,female,"Museum, Others, Peak, Mountain, Forest, Waterfall, Lake",Taman Nasional Gunung Leuser,17
Alek23,19,female,"Museum, Others, Peak, Mountain, Forest, Waterfall, Lake",Air Terjun Kuta Malaka,27
Alek23,19,female,"Museum, Others, Peak, Mountain, Forest, Waterfall, Lake",Tugu Kupiah Teuku Umar,8
Alek23,19,female,"Museum, Others, Peak, Mountain, Forest, Waterfall, Lake",Arung Jeram Lukup Badak,12
Alek23,19,female,"Museum, Others, Peak, Mountain, Forest, Waterfall, Lake",Pucok Krueng,5
Alek23,19,female,"Museum, Others, Peak, Mountain, Forest, Waterfall, Lake",Bukit Siron,4
Alek23,19,female,"Museum, Others, Peak, Mountain, Forest, Waterfall, Lake",Taman Nasional Gunung Leuser,17
Alek23,19,female,"Museum, Others, Peak, Mountain, Forest, Waterfall, Lake",Air Terjun Kuta Malaka,27
Alek23,19,female,"Museum, Others, Peak, Mountain, Forest, Waterfall, Lake",Tugu Kupiah Teuku Umar,8
Alek23,19,female,"Museum, Others, Peak, Mountain, Forest, Waterfall, Lake",Arung Jeram Lukup Badak,12
Alek23,19,female,"Museum, Others, Peak, Mountain, Forest, Waterfall, Lake",Pucok Krueng,5
Alek23,19,female,"Museum, Others, Peak, Mountain, Forest, Waterfall, Lake",Bukit Siron,4
Alek23,19,female,"Museum, Others, Peak, Mountain, Forest, Waterfall, Lake",Taman Nasional Gunung Leuser,17
Alek23,19,female,"Museum, Others, Peak, Mountain, Forest, Waterfall, Lake",Air Terjun Kuta Malaka,27
Alek23,19,female,"Museum, Others, Peak, Mountain, Forest, Waterfall, Lake",Tugu Kupiah Teuku Umar,8
Alek23,19,female,"Museum, Others, Peak, Mountain, Forest, Waterfall, Lake",Arung Jeram Lukup Badak,12
Alek23,19,female,"Museum, Others, Peak, Mountain, Forest, Waterfall, Lake",Pucok Krueng,5
Alek23,19,female,"Museum, Others, Peak, Mountain, Forest, Waterfall, Lake",Bukit Siron,4
Alek23,19,female,"Museum, Others, Peak, Mountain, Forest, Waterfall, Lake",Taman Nasional Gunung Leuser,17
Alek23,19,female,"Museum, Others, Peak, Mountain, Forest, Waterfall, Lake",Air Terjun Kuta Malaka,27
Alek23,19,female,"Museum, Others, Peak, Mountain, Forest, Waterfall, Lake",Tugu Kupiah Teuku Umar,8
Alek23,19,female,"Museum, Others, Peak, Mountain, Forest, Waterfall, Lake",Arung Jeram Lukup Badak,12
Alek23,19,female,"Museum, Others, Peak, Mountain, Forest, Waterfall, Lake",Pucok Krueng,5
Alek23,19,female,"Museum, Others, Peak, Mountain, Forest, Waterfall, Lake",Bukit Siron,4
Alek23,19,female,"Museum, Others, Peak, Mountain, Forest, Waterfall, Lake",Taman Nasional Gunung Leuser,17
Alek23,19,female,"Museum, Others, Peak, Mountain, Forest, Waterfall, Lake",Air Terjun Kuta Malaka,27
Alek23,19,female,"Museum, Others, Peak, Mountain, Forest, Waterfall, Lake",Tugu Kupiah Teuku Umar,8
Alek23,19,female,"Museum, Others, Peak, Mountain, Forest, Waterfall, Lake",Arung Jeram Lukup Badak,12
Alek23,19,female,"Museum, Others, Peak, Mountain, Forest, Waterfall, Lake",Pucok Krueng,5
Alek23,19,female,"Museum, Others, Peak, Mountain, Forest, Waterfall, Lake",Bukit Siron,4
Alek23,19,female,"Museum, Others, Peak, Mountain, Forest, Waterfall, Lake",Taman Nasional Gunung Leuser,17
Alek23,19,female,"Museum, Others, Peak, Mountain, Forest, Waterfall, Lake",Air Terjun Kuta Malaka,27
Alek23,19,female,"Museum, Others, Peak, Mountain, Forest, Waterfall, Lake",Tugu Kupiah Teuku Umar,8
Alek23,19,female,"Museum, Others, Peak, Mountain, Forest, Waterfall, Lake",Arung Jeram Lukup Badak,12
Alek23,19,female,"Museum, Others, Peak, Mountain, Forest, Waterfall, Lake",Pucok Krueng,5
Alek23,19,female,"Museum, Others, Peak, Mountain, Forest, Waterfall, Lake",Bukit Siron,4
