LinkGmaps,NameLocation,Rating,Foto,Provinsi,Alamat ,Penjelasan,Kategori
https://www.google.com/maps/place/Kawasan+Konservasi+Mangrove+Dan+Bekantan/data=!4m7!3m6!1s0x32138a9448a0a9ed:0xbaf2f265d3abbe0!8m2!3d3.305523!4d117.5771055!16s%2Fg%2F1pv0251wb!19sChIJ7amgSJSKEzIR4Ls6XSYvrws?authuser=0&hl=id&rclk=1,Kawasan Konservasi Mangrove Dan Bekantan,"4,3",https://lh5.googleusercontent.com/p/AF1QipNXK_Qt2I8Q1JsSNVdUFgaeXIUEvhDM5R8LmyYH=w1220-h920-k-no,Kalimantan Utara,"Kecamatan Tarakan Barat, Kota Tarakan","Kawasan Konservasi Mangrove danBekantan (KKMB) merupakan destinasi wisata yang unik di맚engah Kota Tarakan. Dengan luas맙ekitar 21 hektar, kawasan ini맚idak hanya berfungsi sebagai tempat konservasi bagi막ekantan, tetapi juga sebagai area만dukasi tentang ekosistem mangrove. Pengunjung dapat melihat bekantan yang merupakan primata endemik Kalimantan serta menikmati keindahan hutan mangrove yang rimbun. Fasilitas seperti jembatan, gazebo, dan spot foto만stetik membuat pengalaman berkunjung semakin menarik. KKMB juga막erperan penting dalam menjaga keseimbangan ekosistem dan melindungi pantai dari마brasi.",Hutan/Taman Nasional
https://www.google.com/maps/place/Alun+-+Alun+Kabupaten+Nunukan/data=!4m7!3m6!1s0x3215bc2469629c4d:0x42b33f186861d557!8m2!3d4.1403883!4d117.6511455!16s%2Fg%2F11b6msn5wk!19sChIJTZxiaSS8FTIRV9VhaBg_s0I?authuser=0&hl=id&rclk=1,Alun - Alun Kabupaten Nunukan,"4,3",https://lh5.googleusercontent.com/p/AF1QipO1hkzsLk4ne5JiDQZXG3YOHtDBRvpZNYEcmlnE=w1220-h920-k-no,Kalimantan Utara,Kabupaten Nunukan,"Alun-Alun Kabupaten Nunukan adalah ruang terbuka publik yang sering digunakan untuk berbagai kegiatan masyarakat. Tempat ini menjadi pusat berkumpulnya warga untuk berolahraga, bersantai, atau mengadakan acara-acara lokal. Dikelilingi oleh pepohonan rindang dan fasilitas umum yang memadai, alun-alun ini menawarkan suasana nyaman bagi pengunjung. Keberadaan alun-alun juga memperkuat interaksi sosial antar warga dan menjadi simbol kebanggaan bagi masyarakat Nunukan.",Lainnya
https://www.google.com/maps/place/Taman+Berlabuh/data=!4m7!3m6!1s0x32138afebf223fa9:0x87fb7f6f40e19413!8m2!3d3.2863568!4d117.5920675!16s%2Fg%2F11c6sn069x!19sChIJqT8iv_6KEzIRE5ThQG9_-4c?authuser=0&hl=id&rclk=1,Taman Berlabuh,"4,3",https://lh5.googleusercontent.com/p/AF1QipOyt5CJf47P4fQnmfrZJR_D5OAnF7Yl9D6m7lRw=w1220-h920-k-no,Kalimantan Utara,"Tanjung Selor, Kabupaten Bulungan","Taman Berlabuh adalah taman rekreasi yang terletak di Tanjung Selor. Dikenal dengan pemandangan yang indah dan suasana yang tenang, taman ini menjadi tempat favorit bagi keluarga untuk bersantai dan bermain. Fasilitas seperti area bermain anak dan jalur pejalan kaki membuat taman ini sangat ramah anak. Selain itu, pengunjung dapat menikmati keindahan alam sambil berjalan-jalan atau melakukan piknik di area hijau yang tersedia.",Taman Rekreasi
https://www.google.com/maps/place/Taman+Berkampung/data=!4m7!3m6!1s0x32138bed1cc62cc1:0x726a0029fcc479d4!8m2!3d3.2995442!4d117.6193845!16s%2Fg%2F11gqpxjjc0!19sChIJwSzGHO2LEzIR1HnE_CkAanI?authuser=0&hl=id&rclk=1,Taman Berkampung,"4,4",https://lh5.googleusercontent.com/p/AF1QipOlt-tghGpIFq1hWlpIiqu9K8_LM_uHuEpUs9YR=w1220-h920-k-no,Kalimantan Utara,"Tanjung Selor, Kabupaten Bulungan","Taman Berkampung adalah salah satu taman yang dirancang untuk memberikan ruang terbuka hijau bagi masyarakat Tanjung Selor. Dengan berbagai fasilitas olahraga dan area hijau, taman ini menjadi lokasi ideal untuk aktivitas luar ruangan. Pengunjung dapat menikmati jogging di jalur yang telah disediakan atau sekadar bersantai di bawah pohon-pohon rindang. Taman ini juga sering digunakan untuk acara komunitas dan kegiatan sosial lainnya.",Taman Rekreasi
https://www.google.com/maps/place/Taman+Oval+Ladang/data=!4m7!3m6!1s0x32138a7c656dc74f:0xa340cd2a37b9ba21!8m2!3d3.3124837!4d117.6016142!16s%2Fg%2F11c1mznk48!19sChIJT8dtZXyKEzIRIbq5NyrNQKM?authuser=0&hl=id&rclk=1,Taman Oval Ladang,"4,2",https://lh5.googleusercontent.com/p/AF1QipPBISHuPlPDLa2Ayqy6PzCrFal4FsWjmTx-CZig=w1220-h920-k-no,Kalimantan Utara,"Tanjung Selor, Kabupaten Bulungan","Taman Oval Ladang adalah taman yang memiliki desain oval unik dan dikelilingi oleh tanaman hias yang indah. Tempat ini sering digunakan oleh masyarakat untuk berolahraga atau sekadar bersantai sambil menikmati suasana alam sekitar. Dengan fasilitas yang memadai seperti tempat duduk dan jalur pejalan kaki, taman ini menjadi salah satu tempat favorit bagi warga setempat untuk berkumpul.",Taman Rekreasi
https://www.google.com/maps/place/Taman+Tepian+Tanjung+Selor/data=!4m7!3m6!1s0x3213d1df81946fc3:0xfe297e1c4e9cb07d!8m2!3d2.8430464!4d117.3613523!16s%2Fg%2F11cn69790b!19sChIJw2-Ugd_REzIRfbCcThx-Kf4?authuser=0&hl=id&rclk=1,Taman Tepian Tanjung Selor,"4,3",https://lh5.googleusercontent.com/p/AF1QipPfzZRSF-AkCIpeaNFsKbhdUOt-8tBXkXuHChJt=w1220-h920-k-no,Kalimantan Utara,"Tanjung Selor, Kabupaten Bulungan","Taman Tepian Tanjung Selor menawarkan pemandangan langsung ke sungai dengan suasana yang sejuk dan nyaman. Tempat ini sangat cocok untuk bersantai sambil menikmati angin sepoi-sepoi dari tepi sungai. Fasilitas seperti bangku taman dan jalur pejalan kaki membuat pengunjung betah berlama-lama di sini. Selain itu, taman ini sering dijadikan lokasi untuk berbagai acara komunitas.",Taman Rekreasi
https://www.google.com/maps/place/Museum+Kesultanan+Bulungan/data=!4m7!3m6!1s0x3213d1fccb45bc41:0xe17af808b6b65870!8m2!3d2.8319334!4d117.3571729!16s%2Fg%2F11c1p8mlqs!19sChIJQbxFy_zREzIRcFi2tgj4euE?authuser=0&hl=id&rclk=1,Museum Kesultanan Bulungan,"4,2",https://lh5.googleusercontent.com/p/AF1QipN3AUWWe5CmLHN3yDewvikkQlboBM5q8mQak_Ia=w1220-h920-k-no,Kalimantan Utara,"Tanjung Selor, Kabupaten Bulungan",Museum Kesultanan Bulungan menyimpan berbagai koleksi sejarah dan budaya dari Kesultanan Bulungan yang pernah berjaya di wilayah tersebut. Di dalam museum ini pengunjung dapat menemukan artefak bersejarah serta informasi mengenai sejarah lokal yang kaya akan tradisi dan budaya. Museum ini juga berfungsi sebagai pusat edukasi bagi masyarakat dan pengunjung yang ingin lebih mengenal sejarah Kalimantan Utara.,Museum/Sejarah
https://www.google.com/maps/place/Baloy+Mayo+Adat+Tidung+Kalimantan/data=!4m7!3m6!1s0x3214754c22cc4325:0x15c099196f1abbbe!8m2!3d3.3323961!4d117.5546899!16s%2Fg%2F11clz_1ygw!19sChIJJUPMIkx1FDIRvrsabxmZwBU?authuser=0&hl=id&rclk=1,Baloy Mayo Adat Tidung Kalimantan,"4,4",https://lh5.googleusercontent.com/p/AF1QipO6vFkYvYyF81Gh-YwhoX5bt6TlnsLJ3SLXzYzO=w1220-h920-k-no,Kalimantan Utara,"Kecamatan Sebatik, Kabupaten Nunukan",Baloy Mayo Adat Tidung adalah pusat kebudayaan suku Tidung yang menampilkan berbagai aspek kehidupan adat mereka. Tempat ini sering digunakan untuk acara-acara adat serta kegiatan budaya lainnya. Pengunjung dapat belajar tentang tradisi lokal melalui berbagai pameran seni dan kerajinan tangan khas suku Tidung.,Desa Wisata
https://www.google.com/maps/place/Wisata+Gunung+Putih/data=!4m7!3m6!1s0x3213d1f6b21db5f7:0x670056c0535066d9!8m2!3d2.8276566!4d117.3448168!16s%2Fg%2F11c7s294yg!19sChIJ97UdsvbREzIR2WZQU8BWAGc?authuser=0&hl=id&rclk=1,Wisata Gunung Putih,"3,9",https://lh5.googleusercontent.com/p/AF1QipORGDtv5b7Tw1fkkp-A2ERBH31NRTTV9Wby3hG7=w1220-h920-k-no,Kalimantan Utara,"Kecamatan Kelayang, Kabupaten Berau","Wisata Gunung Putih menawarkan pengalaman mendaki gunung bagi para pecinta alam. Dengan pemandangan spektakuler dari puncaknya, tempat ini menjadi tujuan favorit bagi pendaki lokal maupun luar daerah. Trekking menuju puncak memberikan tantangan tersendiri sekaligus kesempatan untuk menikmati keindahan alam Kalimantan Utara.",Gunung/Bukit
https://www.google.com/maps/place/Taman+Nasional+Kayan+Mentarang/data=!4m7!3m6!1s0x2de5f1f024acf7dd:0x2f283b3e910b04c7!8m2!3d2.8718169!4d115.3785755!16zL20vMDk2djg1!19sChIJ3fesJPDx5S0RxwQLkT47KC8?authuser=0&hl=id&rclk=1,Taman Nasional Kayan Mentarang,"4,4",https://lh5.googleusercontent.com/p/AF1QipNuzHPDj2R3dGe_NhEKs3L_wry3gruwtRcRJ_DB=w1220-h920-k-no,Kalimantan Utara,"Kecamatan Kayan Hulu, Kabupaten Malinau",Taman Nasional Kayan Mentarang merupakan kawasan konservasi yang luas dengan keanekaragaman hayati yang sangat tinggi. Tempat ini menjadi habitat bagi berbagai spesies flora dan fauna langka serta merupakan lokasi penting untuk penelitian ilmiah dan ekowisata. Pengunjung dapat menjelajahi keindahan alamnya melalui trekking dan kegiatan luar ruangan lainnya.,Hutan/Taman Nasional
https://www.google.com/maps/place/Wisata+Mangrove+Tanjung+Batu+Derawan/data=!4m7!3m6!1s0x321285392f2332f5:0xff71cb431b10906!8m2!3d2.2911952!4d118.0952479!16s%2Fg%2F11f53h2jnl!19sChIJ9TIjLzmFEjIRBgmxMbQc9w8?authuser=0&hl=id&rclk=1,Wisata Mangrove Tanjung Batu Derawan,"4,3",https://lh5.googleusercontent.com/p/AF1QipMRjOYVVEEPLVzGBJ6jcPE3R2IcvZkT9rfKUaVF=w1220-h920-k-no,Kalimantan Utara,"Derawan Island, Kabupaten Berau",Wisata Mangrove Tanjung Batu Derawan menawarkan pengalaman menjelajahi hutan mangrove dengan keanekaragaman hayati yang kaya akan flora dan fauna lautnya. Tempat ini sangat ideal untuk kegiatan ekowisata seperti birdwatching atau fotografi alam sambil menikmati keindahan ekosistem mangrove.,Hutan/Taman Nasional
https://www.google.com/maps/place/Desa+Wisata+Setulang/data=!4m7!3m6!1s0x3216d6d967788b4d:0xb7e371139443db59!8m2!3d3.4563759!4d116.4976062!16s%2Fg%2F11hbvsn305!19sChIJTYt4Z9nWFjIRWdtDlBNx47c?authuser=0&hl=id&rclk=1,Desa Wisata Setulang,"4,6",https://lh5.googleusercontent.com/p/AF1QipNKhzGi-T-hrImhrNFq8iU5_0MPok44k0DbRVAU=w1220-h920-k-no,Kalimantan Utara,"Kecamatan Malinau Selatan Hilir, Kabupaten Malinau",Desa Wisata Setulang merupakan desa adat yang menawarkan pengalaman budaya kepada pengunjung melalui aktivitas tradisional masyarakatnya. Di sini pengunjung dapat belajar tentang kehidupan sehari-hari masyarakat lokal serta ikut serta dalam kegiatan adat seperti menari atau memasak masakan khas daerah.,Desa Wisata
https://www.google.com/maps/place/Objek+Wisata+Air+Terjun+Gunung+Rian/data=!4m7!3m6!1s0x3216b84132ed16e9:0xe209d1f9b7e74d0b!8m2!3d3.5081035!4d116.8261118!16s%2Fg%2F11fxzq6g8q!19sChIJ6RbtMkG4FjIRC03nt_nRCeI?authuser=0&hl=id&rclk=1,Objek Wisata Air Terjun Gunung Rian,"4,4",https://lh5.googleusercontent.com/p/AF1QipPedEEb0XuDxGXxiLUZmORgiv_Wr2H-NaTOV2oC=w1220-h920-k-no,Kalimantan Utara,"Kecamatan Sesayap, Kabupaten Tana Tidung","Air Terjun Gunung Rian adalah salah satu keajaiban alam yang terletak di tengah hutan tropis Kalimantan Utara. Dengan ketinggian sekitar 100 meter, air terjun ini menawarkan pemandangan yang menakjubkan saat air mengalir deras dari puncak gunung dan jatuh ke kolam alami di bawahnya. Perjalanan menuju air terjun ini memberikan pengalaman petualangan yang menarik, dengan trek yang dikelilingi oleh flora dan fauna yang melimpah. Di bawah air terjun, terdapat kolam renang alami yang menyegarkan, memungkinkan pengunjung untuk berenang dan menikmati keindahan alam sekitar. Selain itu, kawasan ini juga ideal untuk trekking dan hiking, menjadikan Air Terjun Gunung Rian sebagai destinasi wajib bagi pecinta alam dan fotografer yang ingin mengabadikan momen indah di tengah keindahan hutan tropis",Air Terjun
https://www.google.com/maps/place/Tugu+Garuda+Perkasa/data=!4m7!3m6!1s0x3215a1319c143a6f:0x78793fc7fbd2516e!8m2!3d4.1620384!4d117.8805545!16s%2Fg%2F11gjgyfkf1!19sChIJbzoUnDGhFTIRblHS-8c_eXg?authuser=0&hl=id&rclk=1,Tugu Garuda Perkasa,"4,6",https://lh5.googleusercontent.com/p/AF1QipOOPoICgWckZ9bDDSbdCQAHiSv5lF8cw5odzFkz=w1220-h920-k-no,Kalimantan Utara,Kota Tarakan,"Tugu Garuda Perkasa adalah simbol kebanggaan masyarakat Tarakan yang melambangkan semangat perjuangan dan kemerdekaan. Tugu ini menjadi titik pertemuan bagi warga setempat dan sering digunakan sebagai lokasi acara-acara resmi maupun kegiatan masyarakat. Dengan desain yang megah dan lokasi strategis, tugu ini juga menjadi objek wisata bagi pengunjung yang ingin berfoto dan menikmati suasana kota.",Lainnya
https://www.google.com/maps/place/Roemah+Boendar+Kota+Tarakan/data=!4m7!3m6!1s0x32138a87a351049d:0x74d045ea0744ba72!8m2!3d3.3113889!4d117.5947383!16s%2Fg%2F11bzt3tsjp!19sChIJnQRRo4eKEzIRcrpEB-pF0HQ?authuser=0&hl=id&rclk=1,Roemah Boendar Kota Tarakan,"4,3",https://lh5.googleusercontent.com/p/AF1QipMM9QRJHAGpOZnm2Tnv2-fLWWnHQeQnD7g2Vtnp=w1220-h920-k-no,Kalimantan Utara,Kota Tarakan,Roemah Boendar adalah tempat yang menyajikan berbagai kuliner khas daerah serta menjadi pusat informasi budaya lokal. Tempat ini menawarkan pengalaman unik bagi pengunjung untuk mencicipi makanan tradisional sambil belajar tentang sejarah dan budaya Tarakan. Suasana yang nyaman dan ramah menjadikan Roemah Boendar sebagai pilihan tepat untuk bersantai bersama keluarga atau teman.,Lainnya
https://www.google.com/maps/place/Bahtra+Mex+Water+Park+%28+BMWpark%29/data=!4m7!3m6!1s0x3213cfc7cd7b8a37:0xdc430e4f32251cf!8m2!3d2.8276434!4d117.3893184!16s%2Fg%2F11l88mjzzd!19sChIJN4p7zcfPEzIRz1Ei8-QwxA0?authuser=0&hl=id&rclk=1,Bahtra Mex Water Park ( BMWpark),"4,0",https://lh5.googleusercontent.com/p/AF1QipO2UteKL-bAT59RgKqy70whIcm7g7zfNYPQ1yTh=w1220-h920-k-no,Kalimantan Utara,Kota Tarakan,"Bahtra Mex Water Park adalah taman rekreasi air yang menawarkan berbagai wahana seru untuk keluarga. Dengan kolam renang yang luas dan berbagai seluncuran air, tempat ini menjadi tujuan favorit bagi anak-anak maupun dewasa untuk bersenang-senang di bawah sinar matahari. Fasilitas lengkap seperti area makan dan tempat istirahat membuat pengunjung betah berlama-lama di sini.",Taman Rekreasi
https://www.google.com/maps/place/Pantai+Cemara+Mangkupadi/data=!4m7!3m6!1s0x32125905c16c399f:0xb892fb41d1598bd!8m2!3d2.5567576!4d117.8680164!16s%2Fg%2F11g6916hmz!19sChIJnzlswQVZEjIRvZgVHbQviQs?authuser=0&hl=id&rclk=1,Pantai Cemara Mangkupadi,"4,3",https://lh5.googleusercontent.com/p/AF1QipMLFUcfqRSocJgniiAzLZIt8MYpwwJ0F3HJYpcr=w1220-h920-k-no,Kalimantan Utara,"Mangkupadi, Kabupaten Bulungan","Pantai Cemara Mangkupadi menawarkan suasana pantai yang tenang dengan pasir putih dan pepohonan cemara yang rindang. Tempat ini cocok untuk bersantai, berjemur, atau melakukan aktivitas seperti piknik bersama keluarga. Keindahan alamnya menjadikan pantai ini sebagai lokasi ideal untuk menikmati sunset yang memukau.",Pantai
https://www.google.com/maps/place/Taman+Cendrawasih/data=!4m7!3m6!1s0x3213ce6b46da8a97:0x8dd0daf41393a3fb!8m2!3d2.8367673!4d117.3856742!16s%2Fg%2F11clvcz7_8!19sChIJl4raRmvOEzIR-6OTE_Ta0I0?authuser=0&hl=id&rclk=1,Taman Cendrawasih,"4,1",https://lh5.googleusercontent.com/p/AF1QipPjYYBy8tnDHDdKu_x42Mv7KmsbPCMMXnSQoVNe=w1220-h920-k-no,Kalimantan Utara,Kota Tarakan,"Taman Cendrawasih adalah taman kota yang dirancang untuk memberikan ruang terbuka hijau bagi masyarakat. Dikenal dengan suasana asri dan fasilitas bermain anak, taman ini menjadi tempat berkumpulnya keluarga untuk bersantai dan menikmati waktu bersama. Pengunjung dapat berjalan-jalan di sekitar taman sambil menikmati keindahan alam.",Taman Rekreasi
https://www.google.com/maps/place/Wisata+Persemaian/data=!4m7!3m6!1s0x3214750d8951c09f:0x4f3a9a5c3d27367b!8m2!3d3.3559286!4d117.5692895!16s%2Fg%2F11ftwg9lk1!19sChIJn8BRiQ11FDIRezYnPVyaOk8?authuser=0&hl=id&rclk=1,Wisata Persemaian,"4,3",https://lh5.googleusercontent.com/p/AF1QipMqwpkFms1ZFu5ttQGNaqwYMySnDHD2ZkEcZVZd=w1220-h920-k-no,Kalimantan Utara,Kota Tarakan,Wisata Persemaian adalah lokasi edukasi tentang pertanian dan lingkungan hidup. Di sini pengunjung dapat belajar tentang proses penanaman berbagai jenis tanaman serta pentingnya menjaga kelestarian alam. Tempat ini juga sering digunakan untuk kegiatan sekolah dan komunitas dalam rangka meningkatkan kesadaran lingkungan.,Lainnya
https://www.google.com/maps/place/Tugu+DWIKORA/data=!4m7!3m6!1s0x3215bc2447329013:0xff3185a0e9082b04!8m2!3d4.1408019!4d117.6508917!16s%2Fg%2F11cn7j0pgg!19sChIJE5AyRyS8FTIRBCsI6aCFMf8?authuser=0&hl=id&rclk=1,Tugu DWIKORA,"4,6",https://lh5.googleusercontent.com/p/AF1QipOC0CB2DN3gr0CjleHreX7YOQn1aYP9nciQ2R1R=w1220-h920-k-no,Kalimantan Utara,Kota Tarakan,Tugu DWIKORA adalah monumen yang dibangun untuk mengenang jasa pahlawan nasional Indonesia. Tugu ini menjadi simbol perjuangan bangsa dan sering dikunjungi oleh masyarakat serta wisatawan sebagai bentuk penghormatan terhadap sejarah bangsa.,Lainnya
"https://www.google.com/maps/place/Tepian+Tanjung+Selor,+Kab.+Bulungan,+Prov.+Kalimantar+Utara/data=!4m7!3m6!1s0x3213cffad6b0c9a9:0x4b316fe66b24e674!8m2!3d2.8482913!4d117.3618099!16s%2Fg%2F11t9q_8qql!19sChIJqcmw1vrPEzIRdOYka-ZvMUs?authuser=0&hl=id&rclk=1","Tepian Tanjung Selor, Kab. Bulungan, Prov. Kalimantar Utara","4,7",https://lh5.googleusercontent.com/p/AF1QipMaa5rYgE1a06-RaVEL0PBdbd-AFrRU0Sentu_O=w1220-h920-k-no,Kalimantan Utara,"Tanjung Selor, Kabupaten Bulungan",Tepian Tanjung Selor merupakan lokasi strategis di tepi sungai dengan pemandangan alam yang indah. Tempat ini sering digunakan oleh masyarakat untuk bersantai sambil menikmati angin sepoi-sepoi dari sungai. Fasilitas seperti tempat duduk dan area bermain anak menjadikannya pilihan tepat untuk rekreasi keluarga.,Lainnya
https://www.google.com/maps/place/Tugu+99/data=!4m7!3m6!1s0x3214756789a9f1f7:0x65890a9e68bf2c6!8m2!3d3.3268145!4d117.5732431!16s%2Fg%2F11fy_g22yl!19sChIJ9_GpiWd1FDIRxvKL5qmQWAY?authuser=0&hl=id&rclk=1,Tugu 99,"4,2",https://lh5.googleusercontent.com/p/AF1QipM6OqLdNbtD9tMovLw-93H65Iz5_O0u2srQcdBg=w1220-h920-k-no,Kalimantan Utara,Kota Tarakan,"Tugu 99 adalah salah satu landmark di Tarakan yang menjadi simbol kebanggaan masyarakat setempat. Dengan desain unik dan lokasi strategis, tugu ini sering dijadikan sebagai spot foto oleh pengunjung serta tempat berkumpul bagi warga lokal.",Lainnya
https://www.google.com/maps/place/Batu+Lemampu/data=!4m7!3m6!1s0x3215a7e70471e6f5:0x6476a404bc6b2c2c!8m2!3d4.0403165!4d117.903985!16s%2Fg%2F11dyblx0wx!19sChIJ9eZxBOenFTIRLCxrvASkdmQ?authuser=0&hl=id&rclk=1,Batu Lemampu,"4,2",https://lh5.googleusercontent.com/p/AF1QipPh3UClSstxL1HFR9k3XkC0S6CxzLPeLv5d3Gnv=w1220-h920-k-no,Kalimantan Utara,Kabupaten Bulungan,Batu Lemampu adalah formasi batuan alami yang menarik perhatian wisatawan karena keunikannya. Tempat ini cocok untuk dijadikan lokasi berkemah atau sekadar bersantai sambil menikmati pemandangan alam sekitarnya.,Lainnya
https://www.google.com/maps/place/Crown+Water+Sport+Bulungan/data=!4m7!3m6!1s0x321232d376b7b51d:0xc2060a152679617f!8m2!3d2.7487367!4d117.4017582!16s%2Fg%2F11cmq_s6lr!19sChIJHbW3dtMyEjIRf2F5JhUKBsI?authuser=0&hl=id&rclk=1,Crown Water Sport Bulungan,"3,8",https://lh5.googleusercontent.com/p/AF1QipNjNli0HXqwzbCFp3q7S2d53V6F58P8Jh7xTpIu=w1220-h920-k-no,Kalimantan Utara,Kabupaten Bulungan,Crown Water Sport Bulungan menawarkan berbagai aktivitas olahraga air seperti jet ski dan banana boat bagi pengunjung yang mencari keseruan di laut. Fasilitas lengkap serta instruktur berpengalaman membuat pengalaman bermain air semakin aman dan menyenangkan.,Lainnya
https://www.google.com/maps/place/Semolon+Waterfall/data=!4m7!3m6!1s0x321728528e75e7dd:0xe682e32f75850e34!8m2!3d3.4657502!4d116.3828751!16s%2Fg%2F11by_dqqx_!19sChIJ3ed1jlIoFzIRNA6FdS_jguY?authuser=0&hl=id&rclk=1,Semolon Waterfall,"4,5",https://lh5.googleusercontent.com/p/AF1QipMoPN69orle6g7SdIRiC5wWFPVmrRXrTbfJxis_=w1220-h920-k-no,Kalimantan Utara,Kabupaten Bulungan,Semolon Waterfall adalah destinasi wisata alam dengan keindahan air terjun yang menawan di tengah hutan tropis. Suasana tenang dan pemandangan alam sekitarnya membuat tempat ini ideal untuk relaksasi atau kegiatan fotografi.,Air Terjun
https://www.google.com/maps/place/Wisata+Air+Terjun+Karungan/data=!4m7!3m6!1s0x32138bd289ae9eab:0xa2a4c0e54ed4001d!8m2!3d3.2793942!4d117.6326906!16s%2Fg%2F11c36f5rn0!19sChIJq56uidKLEzIRHQDUTuXApKI?authuser=0&hl=id&rclk=1,Wisata Air Terjun Karungan,"3,9",https://lh5.googleusercontent.com/p/AF1QipM8h8XuziyuMUU4ODCwaFMTMNKSlcqzePMHRmiP=w1220-h920-k-no,Kalimantan Utara,Kabupaten Bulungan,Wisata Air Terjun Karungan menawarkan pengalaman menyegarkan dengan air terjun yang jernih mengalir di tengah hutan lebat. Pengunjung dapat berenang atau sekadar menikmati keindahan alam sekitar sambil mendengarkan suara gemericik air.,Air Terjun
https://www.google.com/maps/place/Pantai+TPI+Bunyu/data=!4m7!3m6!1s0x32147cb4fccb3a8b:0x74c0e9e73a6f6e6e!8m2!3d3.4533078!4d117.8513916!16s%2Fg%2F11fyzbncz2!19sChIJizrL_LR8FDIRbm5vOufpwHQ?authuser=0&hl=id&rclk=1,Pantai TPI Bunyu,"4,6",https://lh5.googleusercontent.com/p/AF1QipMlvpiv732Rh8klpvrp-vonFo1Fh_pwGi1k9L9w=w1220-h920-k-no,Kalimantan Utara,"Bunyu Island, Kabupaten Bulungan","Pantai TPI Bunyu dikenal dengan pasir putihnya yang bersih dan ombak yang tenang, menjadikannya tempat ideal untuk bersantai atau melakukan aktivitas pantai lainnya seperti snorkeling atau bermain voli pantai.",Pantai
https://www.google.com/maps/place/Pantai+Wisata+Tanah+Kuning+2/data=!4m7!3m6!1s0x32125b6232e8c3f5:0x51750e1639308794!8m2!3d2.5975664!4d117.8267766!16s%2Fg%2F11h313q5nr!19sChIJ9cPoMmJbEjIRlIcwORYOdVE?authuser=0&hl=id&rclk=1,Pantai Wisata Tanah Kuning 2,"4,4",https://lh5.googleusercontent.com/p/AF1QipMuO2fhQHI09SL8LLyNXhPq1jCFCIt7oAweiSZ0=w1220-h920-k-no,Kalimantan Utara,"Kecamatan Tanjung Palas Timur, Kabupaten Bulungan",Pantai Wisata Tanah Kuning 2 menawarkan suasana pantai yang tenang dengan pasir putih keabuan serta ombak lembut cocok untuk bersantai atau bermain air bersama keluarga. Fasilitas seperti gazebo membuat pengalaman berkunjung semakin nyaman.,Pantai
https://www.google.com/maps/place/Taman+Barokah/data=!4m7!3m6!1s0x32138b58e3dd2d7b:0x814e4bfe37dff755!8m2!3d3.2966614!4d117.5800172!16s%2Fg%2F11h4c3z3kd!19sChIJey3d41iLEzIRVfffN_5LToE?authuser=0&hl=id&rclk=1,Taman Barokah,"4,4",https://lh5.googleusercontent.com/p/AF1QipPMkdK9Ki5CDUo15Lty-ZiDZ5wcCULHqlVqWPPs=w1220-h920-k-no,Kalimantan Utara,"Kecamatan Tarakan Tengah, KotaTarakan","Taman Barokah adalah taman rekreasi yang ramah anak di Tarakan, menawarkan berbagai fasilitas bermain yang menyenangkan. Tempat ini dilengkapi dengan area bermain yang aman, taman hijau yang luas, dan tempat duduk untuk bersantai. Taman ini menjadi pilihan populer bagi keluarga yang ingin menghabiskan waktu berkualitas bersama anak-anak. Selain itu, suasana yang tenang dan asri membuat pengunjung dapat menikmati waktu santai sambil menikmati pemandangan alam. Taman Barokah juga sering dijadikan lokasi untuk acara komunitas dan kegiatan sosial lainnya.",Taman Rekreasi
https://www.google.com/maps/place/WBS+%28+Wahana+Bermain+Surya+%29/data=!4m7!3m6!1s0x3213cf3c02e04b6b:0x455a3fd15526b95f!8m2!3d2.8259682!4d117.4036256!16s%2Fg%2F11fl1000f1!19sChIJa0vgAjzPEzIRX7kmVdE_WkU?authuser=0&hl=id&rclk=1,WBS ( Wahana Bermain Surya ),"4,4",https://lh5.googleusercontent.com/p/AF1QipMLX5AjtoyVH0xWt3OOfCJ5jbI8ubacHorOTnhh=w1220-h920-k-no,Kalimantan Utara,Kota Tarakan,"Wahana Bermain Surya (WBS) adalah taman bermain yang menawarkan berbagai permainan menarik untuk anak-anak. Dengan fasilitas yang lengkap dan aman, tempat ini menjadi pilihan tepat untuk keluarga yang ingin menghabiskan waktu bersama sambil bersenang-senang. WBS juga sering mengadakan acara spesial untuk menarik pengunjung.",Taman Rekreasi
https://www.google.com/maps/place/Pantai+Nibung+Indah/data=!4m7!3m6!1s0x321463a35c62a515:0x89dfae3b2451c739!8m2!3d3.498896!4d117.8599002!16s%2Fg%2F11cp5hzd7b!19sChIJFaViXKNjFDIROcdRJDuu34k?authuser=0&hl=id&rclk=1,Pantai Nibung Indah,"4,2",https://lh5.googleusercontent.com/p/AF1QipO-hK_bZBzRxPTcLdrZG3QzR_52LcTKuT5YLQT9=w1220-h920-k-no,Kalimantan Utara,Kota Tarakan,"Pantai Nibung Indah dikenal dengan keindahan alamnya yang menawan dan suasana yang tenang. Pantai ini menawarkan pasir putih dan ombak lembut, menjadikannya lokasi ideal untuk bersantai atau melakukan aktivitas pantai seperti berenang dan berjemur. Keindahan sunset di pantai ini juga menjadi daya tarik tersendiri bagi pengunjung.",Pantai
https://www.google.com/maps/place/Wana+Wisata+Persemaian/data=!4m7!3m6!1s0x3214752ae5cd8ab1:0x99418ba7fe3e54bb!8m2!3d3.3565096!4d117.571209!16s%2Fg%2F11ghf6wjhh!19sChIJsYrN5Sp1FDIRu1Q-_qeLQZk?authuser=0&hl=id&rclk=1,Wana Wisata Persemaian,"4,0",https://lh5.googleusercontent.com/p/AF1QipM4okHpvj9gabSGclkpj4P8tJfXpfkBEouCgh7n=w1220-h920-k-no,Kalimantan Utara,Kota Tarakan,Wana Wisata Persemaian adalah lokasi edukasi yang memfokuskan pada pertanian dan pelestarian lingkungan. Di sini pengunjung dapat belajar tentang proses penanaman berbagai jenis tanaman serta pentingnya menjaga kelestarian alam. Tempat ini sering digunakan untuk kegiatan sekolah dan komunitas dalam rangka meningkatkan kesadaran lingkungan.,Lainnya
https://www.google.com/maps/place/Hutan+Pinus+Tana+Tidung/data=!4m7!3m6!1s0x3216bdf9d3c6a371:0x77ba2193cf8f2725!8m2!3d3.6038169!4d116.9070052!16s%2Fg%2F11h4vgtpl9!19sChIJcaPG0_m9FjIRJSePz5Mhunc?authuser=0&hl=id&rclk=1,Hutan Pinus Tana Tidung,"4,4",https://lh5.googleusercontent.com/p/AF1QipNcpbrhhHTYFXNT8CKHl_m1rG9pZaRAYEOx-28=w1220-h920-k-no,Kalimantan Utara,"Kecamatan Tana Tidung, Kabupaten Tana Tidung","Hutan Pinus Tana Tidung merupakan kawasan hutan pinus yang indah dan sejuk, ideal untuk kegiatan hiking dan piknik keluarga. Suasana tenang di antara pepohonan pinus memberikan pengalaman menyegarkan bagi pengunjung. Hutan ini juga menjadi tempat penelitian bagi para ilmuwan mengenai ekosistem hutan.",Hutan/Taman Nasional
https://www.google.com/maps/place/Taman+Wisata+Mangrove+Bebatu+Bais/data=!4m7!3m6!1s0x3215a5a2b88fb3cd:0x4bd8be46e6edc41!8m2!3d4.0734929!4d117.8050185!16s%2Fg%2F11lhyd8shx!19sChIJzbOPuKKlFTIRQdxubuSLvQQ?authuser=0&hl=id&rclk=1,Taman Wisata Mangrove Bebatu Bais,"4,7",https://lh5.googleusercontent.com/p/AF1QipPT8A9_0DWpOgpmRedTSwm-XK-dwxAheh4zXA8R=w1220-h920-k-no,Kalimantan Utara,Kabupaten Bulungan,Taman Wisata Mangrove Bebatu Bais adalah kawasan konservasi mangrove yang menawarkan keindahan ekosistem pesisir. Pengunjung dapat menjelajahi jalur-jalur setapak di antara pohon mangrove sambil menikmati keanekaragaman hayati di sekitarnya. Tempat ini juga cocok untuk kegiatan edukasi tentang pentingnya menjaga lingkungan pesisir.,Hutan/Taman Nasional
https://www.google.com/maps/place/Pohon+Satu/data=!4m7!3m6!1s0x32138b18e2aef0a1:0x801cf1bb0d450e9e!8m2!3d3.2520292!4d117.6416462!16s%2Fg%2F11h1ccj3z9!19sChIJofCu4hiLEzIRng5FDbvxHIA?authuser=0&hl=id&rclk=1,Pohon Satu,"4,4",https://lh5.googleusercontent.com/p/AF1QipPlZoIq_AchdvN2Nk3QTxMnEM97qoYkopfoutFc=w1220-h920-k-no,Kalimantan Utara,Kabupaten Bulungan,"Pohon Satu adalah landmark unik yang menjadi simbol lokal di Bulungan. Dikenal dengan ukuran besar dan bentuk yang menarik, pohon ini sering dijadikan lokasi berkumpul oleh masyarakat setempat. Meskipun bukan objek wisata formal, keberadaan Pohon Satu menambah daya tarik bagi pengunjung yang ingin berfoto atau sekadar bersantai di bawah naungannya. Tempat ini juga sering digunakan untuk kegiatan komunitas, menjadikannya bagian penting dari kehidupan sosial masyarakat.",Lainnya
https://www.google.com/maps/place/Gunung+Rego/data=!4m7!3m6!1s0x3213dfb182655abd:0x5e111db1ce1f466e!8m2!3d3.0399573!4d117.1770725!16s%2Fg%2F11h7crvbnt!19sChIJvVplgrHfEzIRbkYfzrEdEV4?authuser=0&hl=id&rclk=1,Gunung Rego,"4,8",https://lh5.googleusercontent.com/p/AF1QipMi3NFVG2UNWt1XHWwBWMM8NNyxapCQEnFRHRQj=w1220-h920-k-no,Kalimantan Utara,Kabupaten Bulungan,"Gunung Rego adalah destinasi trekking yang populer di kalangan pecinta alam. Dengan pemandangan yang menakjubkan dari puncaknya, gunung ini menawarkan pengalaman mendaki yang menantang sekaligus menyenangkan. Trek menuju puncak dikelilingi oleh keindahan alam yang memukau, termasuk hutan tropis dan flora endemik. Pendaki dapat menikmati suasana tenang dan sejuk saat mencapai puncak, serta berkesempatan untuk mengabadikan momen dengan foto panorama alam yang spektakuler.",Gunung/Bukit
https://www.google.com/maps/place/Embung+Bengawan/data=!4m7!3m6!1s0x32138b90edbde055:0x2bac327b4bc3aaf6!8m2!3d3.3741258!4d117.5594666!16s%2Fg%2F11q34q35fy!19sChIJVeC97ZCLEzIR9qrDS3syrCs?authuser=0&hl=id&rclk=1,Embung Bengawan,"4,1",https://lh5.googleusercontent.com/p/AF1QipOdM1xWz-s7egArNPcnKf_H74EXsZ7yJE_hkmdA=w1220-h920-k-no,Kalimantan Utara,"Juata Kerikil, Kota Tarakan","Embung Bengawan adalah waduk buatan yang berfungsi sebagai penampungan air dan sumber irigasi. Meskipun tidak dirancang sebagai tempat rekreasi, embung ini menjadi lokasi penting bagi masyarakat sekitar untuk mendapatkan pasokan air bersih. Di sekitar embung terdapat area hijau yang dapat dimanfaatkan untuk kegiatan santai, namun pengunjung diingatkan untuk tidak berenang di area ini karena potensi bahaya. Embung ini juga sering digunakan untuk kegiatan penanaman pohon dan pelestarian lingkungan.",Lainnya
https://www.google.com/maps/place/Rain+Forest+Kingdom+Farm/data=!4m7!3m6!1s0x3214736ddce7bba9:0x41640ff4094c7bfb!8m2!3d3.3876237!4d117.5521066!16s%2Fg%2F11v9ldxd7_!19sChIJqbvn3G1zFDIR-3tMCfQPZEE?authuser=0&hl=id&rclk=1,Rain Forest Kingdom Farm,"4,3",https://lh5.googleusercontent.com/p/AF1QipPJ8Ye-MzGd7_opVxPDXXP2ZFfuiof6dTdgswRf=w1220-h920-k-no,Kalimantan Utara,Kabupaten Bulungan,"Rain Forest Kingdom Farm adalah agrowisata yang menawarkan pengalaman belajar tentang pertanian organik dan keberlanjutan lingkungan. Di sini, pengunjung dapat berpartisipasi dalam berbagai kegiatan pertanian sambil menikmati keindahan alam sekitarnya. Farm ini juga menyediakan produk organik segar bagi pengunjung yang ingin membawa pulang hasil pertanian lokal. Tempat ini sangat cocok untuk keluarga dan anak-anak yang ingin belajar tentang pentingnya menjaga lingkungan.",Lainnya
https://www.google.com/maps/place/Pantai+Amal+Tarakan/data=!4m7!3m6!1s0x3214778557ce0e2d:0x681821d4d0829cd9!8m2!3d3.3267924!4d117.6566455!16s%2Fg%2F11sx38dwv9!19sChIJLQ7OV4V3FDIR2ZyC0NQhGGg?authuser=0&hl=id&rclk=1,Pantai Amal Tarakan,"4,1",https://lh5.googleusercontent.com/p/AF1QipNWBKmo6aNTugPu_4aygUW4kUw82bjBgX9ZAaV-=w1220-h920-k-no,Kalimantan Utara,Kota Tarakan,"Pantai Amal Tarakan dikenal dengan pasir putihnya yang bersih dan ombak yang tenang, menjadikannya tempat ideal untuk bersantai atau melakukan aktivitas pantai lainnya seperti snorkeling atau bermain voli pantai. Suasana pantai yang tenang dan pemandangan laut yang indah membuatnya menjadi lokasi favorit bagi warga setempat maupun wisatawan. Pengunjung dapat menikmati keindahan sunset di pantai ini sambil bersantai di tepi laut.",Pantai
https://www.google.com/maps/place/PANTAI+INDAH+DESA+TANJUNG+ARU/data=!4m7!3m6!1s0x3215a1882a91cf1d:0x8209cff0276a355b!8m2!3d4.1099836!4d117.9222146!16s%2Fg%2F11tk2whj0z!19sChIJHc-RKoihFTIRWzVqJ_DPCYI?authuser=0&hl=id&rclk=1,PANTAI INDAH DESA TANJUNG ARU,"4,8",https://lh5.googleusercontent.com/p/AF1QipPWbf_uRA8Hm04sBGIKqO6TXl9OYsfY4tCKpJSG=w1220-h920-k-no,Kalimantan Utara,"Desa Tanjung Aru, Kabupaten Nunukan",Pantai Indah Desa Tanjung Aru adalah destinasi wisata pantai yang menawarkan keindahan alam dengan pasir putih dan air laut yang jernih. Tempat ini cocok untuk bersantai sambil menikmati angin laut dan pemandangan matahari terbenam yang memukau. Fasilitas seperti tempat duduk dan area bermain membuat pantai ini ideal untuk keluarga dan anak-anak.,Pantai
https://www.google.com/maps/place/Pantai+Binalatung/data=!4m7!3m6!1s0x32147747882be6df:0xd02e4f3daaea189e!8m2!3d3.3209356!4d117.6580412!16s%2Fg%2F11pqy2sm76!19sChIJ3-YriEd3FDIRnhjqqj1PLtA?authuser=0&hl=id&rclk=1,Pantai Binalatung,"4,4",https://lh5.googleusercontent.com/p/AF1QipPTzrknFcquCdytg7g5NT4r64QvL8ayPUfENUwK=w1220-h920-k-no,Kalimantan Utara,Kabupaten Bulungan,"Pantai Binalatung merupakan salah satu pantai tersembunyi dengan keindahan alam yang masih alami. Dikenal dengan suasana tenang dan ombak lembut, tempat ini sangat cocok bagi mereka yang ingin melarikan diri dari keramaian kota. Pengunjung dapat menikmati waktu santai sambil berjemur atau berjalan-jalan di sepanjang garis pantai.",Pantai
https://www.google.com/maps/place/Wisata+Alam+Mangroove+Ardimulyo/data=!4m7!3m6!1s0x3213e3f610bec5ff:0x9c7b9cf222342ff!8m2!3d3.1130172!4d117.2425371!16s%2Fg%2F11jcm6fdfn!19sChIJ_8W-EPbjEzIR_0IjIs-5xwk?authuser=0&hl=id&rclk=1,Wisata Alam Mangroove Ardimulyo,"4,7",https://lh5.googleusercontent.com/p/AF1QipN0S8cPNeKGoHJ2f9m4IFq8pHcUxhjIkSlYQtTg=w1220-h920-k-no,Kalimantan Utara,Kabupaten Bulungan,Wisata Alam Mangrove Ardimulyo adalah kawasan konservasi mangrove yang menawarkan keindahan ekosistem pesisir serta kesempatan untuk belajar tentang pentingnya menjaga lingkungan mangrove. Pengunjung dapat menjelajahi jalur setapak di antara pohon mangrove sambil menikmati keanekaragaman hayati di sekitarnya.,Hutan/Taman Nasional
https://www.google.com/maps/place/Sungai+Bidadari+Juata+Kerikil/data=!4m7!3m6!1s0x321475c203b4fba5:0xf906f3176ea6d2a8!8m2!3d3.3756604!4d117.5779859!16s%2Fg%2F11hsp_wl9n!19sChIJpfu0A8J1FDIRqNKmbhfzBvk?authuser=0&hl=id&rclk=1,Sungai Bidadari Juata Kerikil,"4,7",https://lh5.googleusercontent.com/p/AF1QipPrHgywueVhlZAEcW1ct1UB7pHjzJaiQgPJD3Ck=w1220-h920-k-no,Kalimantan Utara,"Juata Kerikil, Kota Tarakan",Sungai Bidadari adalah sungai kecil dengan keindahan alam sekitarnya yang menawan. Tempat ini cocok untuk kegiatan piknik atau sekadar bersantai menikmati suasana alam sambil mendengarkan suara gemericik air sungai. Suasana tenang membuatnya menjadi pilihan ideal bagi mereka yang mencari ketenangan.,Lainnya
https://www.google.com/maps/place/WISATA+AIR+TERJUN+SUNGAI+KARAI/data=!4m7!3m6!1s0x3213d376e8cf0427:0xd19ba32bc9f932c!8m2!3d2.730134!4d117.2885578!16s%2Fg%2F11mvnh9x_l!19sChIJJwTP6HbTEzIRLJOfvDK6GQ0?authuser=0&hl=id&rclk=1,WISATA AIR TERJUN SUNGAI KARAI,"4,4",https://lh5.googleusercontent.com/p/AF1QipMU-hukjX3QrwTnerc0okWe-PICD1I3MKhdXDAj=w1220-h920-k-no,Kalimantan Utara,Kabupaten Bulungan,Wisata Air Terjun Sungai Karai adalah destinasi wisata alam dengan air terjun alami yang menakjubkan di tengah hutan tropis. Suasana sejuk dan pemandangan indah membuat tempat ini ideal untuk relaksasi atau kegiatan fotografi alam. Pengunjung dapat berenang di kolam alami di bawah air terjun atau sekadar menikmati keindahan sekitar.,Air Terjun
https://www.google.com/maps/place/Sei.+Manurung+beach+waterpark/data=!4m7!3m6!1s0x3215a7b2ea4ecb67:0x1e2c9eccd903d133!8m2!3d4.0836494!4d117.9170088!16s%2Fg%2F11hk2tmlzr!19sChIJZ8tO6rKnFTIRM9ED2cyeLB4?authuser=0&hl=id&rclk=1,Sei. Manurung beach waterpark,"4,1",https://lh5.googleusercontent.com/p/AF1QipMA26c_ycx4H-YsDvn0_kYsQC3NBshJijtPKTqp=w1220-h920-k-no,Kalimantan Utara,Kota Tarakan,"Sei Manurung Beach Waterpark adalah taman rekreasi air yang menawarkan berbagai wahana seru bagi pengunjung dari segala usia. Dengan kolam renang besar dan seluncuran air menarik, tempat ini menjadi tujuan favorit bagi keluarga untuk bersenang-senang di bawah sinar matahari.",Taman Rekreasi
https://www.google.com/maps/place/Pantai+Batu+Merah/data=!4m7!3m6!1s0x3213892a8d4c4429:0xc6c7a7aa17596742!8m2!3d3.2553371!4d117.6559906!16s%2Fg%2F11jkwll0m_!19sChIJKURMjSqJEzIRQmdZF6qnx8Y?authuser=0&hl=id&rclk=1,Pantai Batu Merah,"4,9",https://lh5.googleusercontent.com/p/AF1QipOvq8LbEmf7OCe6EKnPrivicfzNobGJTjg08VnI=w1220-h920-k-no,Kalimantan Utara,Kota Tarakan,Pantai Batu Merah dikenal karena batu-batu besar berwarna merah di sepanjang garis pantainya serta pemandangan laut yang indah. Tempat ini cocok untuk bersantai sambil menikmati angin laut serta keindahan alam sekitar.,Pantai
