LinkGmaps,NameLocation,Rating,Foto,Provinsi,Alamat,Penjelasan,Kategori
https://www.google.com/maps/place/Wisata+Air+terjun+Lubuk+Hitam+Lestari/data=!4m7!3m6!1s0x2fd4a594047f51ff:0xf851098b76ef9461!8m2!3d-1.0524651!4d100.4237422!16s%2Fg%2F11p07w_785!19sChIJ_1F_BJSl1C8RYZTvdosJUfg?authuser=0&hl=id&rclk=1,Wisata Air terjun Lubuk Hitam Lestari,"4,7",https://lh5.googleusercontent.com/p/AF1QipMfIc7zFYPbHB5PQ-x-cRsFCJh9MY2xzwyJ3i0-=w1220-h920-k-no,Sumatera Barat,"Kecamatan Lembah Gumanti, Kabupaten Solok","Air Terjun Lubuk Hitam Lestari adalah destinasi alam yang menakjubkan di Sumatera Barat. Terletak di tengah hutan yang rimbun, air terjun ini menawarkan pemandangan yang spektakuler dengan air yang jernih dan segar. Pengunjung dapat menikmati suasana tenang sambil mendengarkan suara gemericik air yang jatuh dari ketinggian. Lokasi ini juga cocok untuk kegiatan trekking dan fotografi, menjadikannya pilihan ideal bagi pecinta alam.",Air Terjun
https://www.google.com/maps/place/Kampung+Eropa+Harau/data=!4m7!3m6!1s0x2e2aac92a65d35ff:0x14ac245e34f2b6d6!8m2!3d-0.113789!4d100.6698319!16s%2Fg%2F1238mbr8!19sChIJ_zVdppKsKi4R1rbyNF4krBQ?authuser=0&hl=id&rclk=1,Kampung Eropa Harau,"4,4",https://lh5.googleusercontent.com/p/AF1QipO3ju-BHa-lBdS5cJOr25NsIICyVjJXabolNdIE=w1220-h920-k-no,Sumatera Barat,"Kecamatan Harau, Kabupaten Limapuluh Kota","Kampung Eropa Harau adalah sebuah destinasi unik yang menggabungkan keindahan alam dengan arsitektur bergaya Eropa. Dikenal karena tebing-tebing granit yang menjulang tinggi dan pemandangan lembah yang hijau, tempat ini menawarkan pengalaman wisata yang berbeda. Wisatawan dapat berjalan-jalan di sekitar kampung, menikmati kuliner lokal, serta berinteraksi dengan penduduk setempat. Keindahan alam dan budaya yang kaya membuat Kampung Eropa Harau layak untuk dikunjungi.",Lainnya
https://www.google.com/maps/place/Desa+Wisata+Kubu+Gadang+Kota+Padang+Panjang/data=!4m7!3m6!1s0x2fd525796494e639:0x38443bc46df2d52c!8m2!3d-0.4761959!4d100.4322075!16s%2Fg%2F11dx8jxrrn!19sChIJOeaUZHkl1S8RLNXybcQ7RDg?authuser=0&hl=id&rclk=1,Desa Wisata Kubu Gadang Kota Padang Panjang,"4,5",https://lh5.googleusercontent.com/p/AF1QipOyIxnTkmw4gyS5CHI6kfonbR9TsJHZ2wRXuCJb=w1220-h920-k-no,Sumatera Barat,"Kecamatan Padang Panjang Timur, Kota Padang Panjang","Desa Wisata Kubu Gadang adalah tempat yang memperkenalkan pengunjung pada budaya dan tradisi masyarakat Minangkabau. Di sini, wisatawan dapat menikmati berbagai aktivitas seperti belajar tentang kerajinan tangan, mencicipi masakan khas daerah, dan mengikuti pertunjukan seni tradisional. Lingkungan desa yang asri dan ramah menjadikan pengalaman berwisata semakin menyenangkan. Dengan berbagai kegiatan edukatif, tempat ini sangat cocok untuk keluarga dan pelajar.",Desa Wisata
https://www.google.com/maps/place/Puncak+Anai/data=!4m7!3m6!1s0x2fd5211bffffffff:0x3e0b23a757a51186!8m2!3d-0.4803676!4d100.3200822!16s%2Fg%2F11b6zszlnd!19sChIJ_____xsh1S8RhhGlV6cjCz4?authuser=0&hl=id&rclk=1,Puncak Anai,"4,5",https://lh5.googleusercontent.com/p/AF1QipPQbVn7cuNms2GcwcvyrNc8mVG2fAexEv8XXX4Z=w1220-h920-k-no,Sumatera Barat,"Kecamatan VI Koto, Kabupaten Tanah Datar","Puncak Anai adalah salah satu destinasi wisata puncak yang menawarkan panorama alam yang menakjubkan dari ketinggian. Dari puncak ini, pengunjung dapat melihat hamparan hijau lembah dan pegunungan sekitarnya. Tempat ini juga menjadi lokasi favorit bagi para pecinta fotografi dan trekking. Suasana sejuk dan udara segar di Puncak Anai membuatnya ideal untuk bersantai sambil menikmati keindahan alam.",Puncak
https://www.google.com/maps/place/Pulau+Pasumpahan/data=!4m7!3m6!1s0x2fd4a6a0e5b5fc09:0x7c74e48f81a7f5da!8m2!3d-1.1198157!4d100.3696031!16s%2Fg%2F11g9vxytsm!19sChIJCfy15aCm1C8R2vWngY_kdHw?authuser=0&hl=id&rclk=1,Pulau Pasumpahan,"4,6",https://lh5.googleusercontent.com/p/AF1QipMJA_DILHdu01VfEIJbehfJHs8JPB3XP0w36CtO=w1220-h920-k-no,Sumatera Barat,"Kecamatan Bungus Teluk Kabung, Kota Padang","Pulau Pasumpahan adalah pulau kecil yang terkenal dengan pantainya yang bersih dan air lautnya yang jernih. Pulau ini merupakan tempat ideal untuk snorkeling dan berenang, serta menikmati keindahan bawah lautnya. Suasana tenang dan jauh dari keramaian menjadikan Pulau Pasumpahan sebagai tempat pelarian sempurna bagi mereka yang ingin bersantai sambil menikmati keindahan alam laut. Fasilitas sederhana di pulau ini juga mendukung kenyamanan pengunjung.",Pantai
https://www.google.com/maps/place/Wisata+Sajuta+Janjang/data=!4m7!3m6!1s0x2fd539f1e4e7ec93:0xcd11cd77acf14440!8m2!3d-0.3572855!4d100.3540955!16s%2Fg%2F11flmj7sbr!19sChIJk-zn5PE51S8RQETxrHfNEc0?authuser=0&hl=id&rclk=1,Wisata Sajuta Janjang,"4,6",https://lh5.googleusercontent.com/p/AF1QipOF6cs4CIKg8h94Kgf58pKo5gJFVx_6beWnnsbA=w1220-h920-k-no,Sumatera Barat,"Kecamatan Bukittinggi, Kota Bukittinggi","Wisata Sajuta Janjang adalah destinasi menarik di Bukittinggi dengan ribuan anak tangga yang menghubungkan berbagai titik pemandangan indah. Setiap anak tangga menawarkan pemandangan berbeda dari lembah dan pegunungan sekitarnya. Tempat ini sangat populer di kalangan pengunjung yang ingin berolahraga sambil menikmati keindahan alam. Selain itu, terdapat berbagai spot foto menarik sepanjang jalan menuju puncak, menjadikannya tempat favorit bagi para fotografer.",Lainnya
https://www.google.com/maps/place/The+Greatwall+of+Koto+Gadang/data=!4m7!3m6!1s0x2fd5475115555555:0xfdfc3a605ff3afe3!8m2!3d-0.3125288!4d100.3633972!16s%2Fg%2F11d_pspfgj!19sChIJVVVVFVFH1S8R46_zX2A6_P0?authuser=0&hl=id&rclk=1,The Greatwall of Koto Gadang,"4,4",https://lh5.googleusercontent.com/p/AF1QipNX2Rqauay2dS1LuXi7lid10b8S5CJFHnXJriY=w1220-h920-k-no,Sumatera Barat,"Kecamatan Guguak, Kabupaten Agam","The Greatwall of Koto Gadang merupakan objek wisata unik yang terinspirasi dari Tembok Besar China. Dikenal karena arsitekturnya yang megah dan pemandangan alam sekitarnya yang menawan, tempat ini menjadi daya tarik tersendiri bagi wisatawan. Pengunjung dapat berjalan-jalan di sepanjang dinding besar sambil menikmati panorama hijau lembah di sekelilingnya. Tempat ini sangat cocok untuk foto-foto Instagramable serta kegiatan outdoor lainnya.",Lainnya
https://www.google.com/maps/place/Lereng+Singgalang/data=!4m7!3m6!1s0x2fd539358c8200b5:0xae7ff4771fdcccf8!8m2!3d-0.3497368!4d100.3537157!16s%2Fg%2F11c4jm8v35!19sChIJtQCCjDU51S8R-MzcH3f0f64?authuser=0&hl=id&rclk=1,Lereng Singgalang,"4,6",https://lh5.googleusercontent.com/p/AF1QipN47IXMc2aeTKLS8sFSeob__PR5xBHdTSKlw7ka=w1220-h920-k-no,Sumatera Barat,"Kecamatan X Koto Diatas, Kabupaten Tanah Datar"," Lereng Singgalang merupakan salah satu lokasi pendakian favorit di Sumatera Barat bagi para pecinta gunung. Dengan jalur pendakian yang menantang namun indah, pengunjung dapat menikmati pemandangan luar biasa selama perjalanan menuju puncaknya. Di atas lereng, terdapat area untuk berkemah serta spot untuk melihat sunrise dan sunset yang memukau. Lereng Singgalang menawarkan pengalaman petualangan sekaligus keindahan alam yang tak terlupakan.",Gunung/Bukit
https://www.google.com/maps/place/Dempo+Anailand/data=!4m7!3m6!1s0x2fd523ecc44eee75:0x20624081f79c64d7!8m2!3d-0.4963232!4d100.3354593!16s%2Fg%2F11f01t3fws!19sChIJde5OxOwj1S8R12Sc94FAYiA?authuser=0&hl=id&rclk=1,Dempo Anailand,"4,4",https://lh5.googleusercontent.com/p/AF1QipNft1rR3NL1eXm4VVBmz4Cn6ACjujr8XdagHT32=w1220-h920-k-no,Sumatera Barat,"Kecamatan Pangkalan Koto Baru, Kabupaten Limapuluh Kota","Dempo Anailand adalah destinasi wisata alam dengan keindahan pantai eksotis dan suasana tenang. Tempat ini menawarkan berbagai aktivitas seperti berenang, bersantai di tepi pantai, atau sekadar menikmati keindahan sunset di sore hari. Fasilitas sederhana tersedia untuk mendukung kenyamanan pengunjung saat berlibur di pantai ini. Suasana damai membuat Dempo Anailand menjadi pilihan tepat bagi mereka yang ingin melarikan diri dari kesibukan kota.",Pantai
https://www.google.com/maps/place/Taman+Wisata+Panorama+Baru/data=!4m7!3m6!1s0x2fd540ba8794c7e5:0x853fac83ad1ea287!8m2!3d-0.283219!4d100.3379514!16s%2Fg%2F11bw22kr2_!19sChIJ5ceUh7pA1S8Rh6IerYOsP4U?authuser=0&hl=id&rclk=1,Taman Wisata Panorama Baru,"4,5",https://lh5.googleusercontent.com/p/AF1QipN7RSlVe2rL_HQ5N_nutCY8SPAkb7C3aoy-FPEH=w1220-h920-k-no,Sumatera Barat,"Kecamatan Bukittinggi, Kota Bukittinggi","Taman Wisata Panorama Baru adalah taman rekreasi keluarga dengan berbagai fasilitas menarik seperti wahana permainan anak-anak dan area piknik. Taman ini dikelilingi oleh pemandangan alam yang indah serta udara segar pegunungan, menjadikannya tempat ideal untuk bersantai bersama keluarga atau teman-teman. Selain itu, terdapat banyak spot foto menarik untuk mengabadikan momen kebersamaan di taman ini. Taman Wisata Panorama Baru sangat cocok untuk kegiatan rekreasi akhir pekan.",Taman Rekreasi
https://www.google.com/maps/place/Pantai+Sako/data=!4m7!3m6!1s0x2fd4bab000000001:0xdff299bebdec1f95!8m2!3d-1.0320116!4d100.4022524!16s%2Fg%2F11bxfn3t2g!19sChIJAQAAALC61C8RlR_svb6Z8t8?authuser=0&hl=id&rclk=1,Pantai Sako,"4,1",https://lh5.googleusercontent.com/p/AF1QipOe5-s4a9p4hc-aXeIPctbDUWZGCh3t7W1aCyRs=w1220-h920-k-no,Sumatera Barat,"Kecamatan Bungus Teluk Kabung, Kota Padang","Pantai Sako adalah pantai indah dengan pasir putih bersih dan air laut jernih di Sumatera Barat. Tempat ini cocok untuk berbagai aktivitas seperti berenang, bermain pasir, atau sekadar bersantai menikmati angin laut. Dikelilingi oleh pohon-pohon kelapa dan panorama laut lepas membuat Pantai Sako menjadi destinasi favorit bagi wisatawan lokal maupun mancanegara. Suasana tenang di pantai ini juga ideal untuk relaksasi setelah rutinitas sehari-hari.",Pantai
https://www.google.com/maps/place/Bukit+Nobi+Hill/data=!4m7!3m6!1s0x2fd4ba22ed5a5921:0xa574a929210a5789!8m2!3d-0.9735541!4d100.4157254!16s%2Fg%2F11c20bx6gh!19sChIJIVla7SK61C8RiVcKISmpdKU?authuser=0&hl=id&rclk=1,Bukit Nobi Hill,"4,4",https://lh5.googleusercontent.com/p/AF1QipP9VN0rt77V1-pyzkfj8aEDdK0C-HcEp2e0tUuV=w1220-h920-k-no,Sumatera Barat,"Kecamatan X Koto Diatas, Kabupaten Tanah Datar",Bukit Nobi Hill menawarkan panorama menawan dari ketinggian dengan pemandangan lembah hijau dan pegunungan sekitarnya. Tempat ini sangat populer bagi para pendaki pemula maupun berpengalaman karena jalur pendakiannya relatif mudah dijangkau namun tetap menantang. Di atas bukit terdapat area berkemah serta spot foto menarik untuk mengabadikan momen indah saat berada di sana. Bukit Nobi Hill adalah pilihan tepat bagi penggemar aktivitas outdoor dan pencinta alam.,Gunung/Bukit
https://www.google.com/maps/place/Wisata+Dangau+Pasawangan/data=!4m7!3m6!1s0x2fd537e409ca1927:0x5d294f11785b1b75!8m2!3d-0.3075671!4d100.45!16s%2Fg%2F11lgrrsh04!19sChIJJxnKCeQ31S8RdRtbeBFPKV0?authuser=0&hl=id&rclk=1,Wisata Dangau Pasawangan,"4,5",https://lh5.googleusercontent.com/p/AF1QipNf6guYIpRkU60OhOdXR6CVihQevEhsBXYlTNny=w1220-h920-k-no,Sumatera Barat,"Kecamatan Batipuh Selatan, Kabupaten Tanah Datar","Wisata Dangau Pasawangan adalah tempat wisata unik dengan konsep agro-wisata yang memungkinkan pengunjung merasakan pengalaman bertani secara langsung. Di sini pengunjung dapat belajar tentang pertanian organik sambil menikmati suasana pedesaan yang asri dan tenang. Selain itu, terdapat fasilitas seperti saung untuk bersantai sambil menikmati hasil pertanian segar langsung dari kebun tersebut. Tempat ini sangat cocok untuk keluarga atau kelompok belajar tentang pertanian sekaligus berwisata alam.",Lainnya
https://www.google.com/maps/place/Ngungun+Saok/data=!4m7!3m6!1s0x2fd4cf587c21de19:0x3c6d278e1816be8c!8m2!3d-0.8040995!4d100.4407142!16s%2Fg%2F11c51vrrt8!19sChIJGd4hfFjP1C8RjL4WGI4nbTw?authuser=0&hl=id&rclk=1,Ngungun Saok,"4,7",https://lh5.googleusercontent.com/p/AF1QipMaBv8xMIemHhoRSaWvg1QPycJNc6-vSCyMDC_o=w1220-h920-k-no,Sumatera Barat,"Kecamatan Tanjung Mutiara, Kabupaten Agam",Ngungun Saok adalah lokasi wisata alam dengan keindahan panorama pegunungan dan hutan tropis yang mempesona. Tempat ini menawarkan jalur trekking menantang bagi para petualang serta area piknik bagi keluarga yang ingin bersantai sambil menikmati udara segar pegunungan. Keberadaan flora dan fauna endemik juga menambah daya tarik Ngungun Saok sebagai destinasi ekowisata yang ramah lingkungan.,Hutan/Taman Nasional
https://www.google.com/maps/place/Puncak+Aua+Sarumpun/data=!4m7!3m6!1s0x2fd52bc4fc775269:0xc979374354de0b4e!8m2!3d-0.5419567!4d100.5433529!16s%2Fg%2F11csrchtg6!19sChIJaVJ3_MQr1S8RTgveVEM3eck?authuser=0&hl=id&rclk=1,Puncak Aua Sarumpun,"4,5",https://lh5.googleusercontent.com/p/AF1QipOrclnmj1Igg0gBflZWMH_pwkGFtmRVlhFwFN4o=w1220-h920-k-no,Sumatera Barat,"Kecamatan X Koto Diatas, Kabupaten Tanah Datar",Puncak Aua Sarumpun adalah destinasi puncak lainnya di Sumatera Barat dengan pemandangan spektakuler dari ketinggian 1.200 mdpl. Dari sini pengunjung bisa melihat hamparan sawah terasering serta pegunungan hijau sejauh mata memandang. Suasana sejuk dan tenangnya udara membuat Puncak Aua Sarumpun menjadi tempat ideal untuk relaksasi atau meditasi sambil menikmati keindahan alam sekitar.,Puncak
https://www.google.com/maps/place/Air+Terjun+Lembah+Anai/data=!4m7!3m6!1s0x2fd5239b04efe7d3:0xfa4a00004d31f7ec!8m2!3d-0.4837937!4d100.3380567!16s%2Fg%2F128dgdsvt!19sChIJ0-fvBJsj1S8R7PcxTQAASvo?authuser=0&hl=id&rclk=1,Air Terjun Lembah Anai,"4,5",https://lh5.googleusercontent.com/p/AF1QipNvLGjA-n1YWn0p870pZxEmLZrQG5bu6dP1VcmK=w1220-h920-k-no,Sumatera Barat,"Kecamatan VI Koto Sungai Lolo, Kabupaten Tanah Datar","Air Terjun Lembah Anai terletak tidak jauh dari jalan utama antara Padang-Bukittinggi sehingga mudah dijangkau oleh wisatawan.
Dikenal karena keindahan air terjunnya setinggi 35 meter serta suasana alami sekitar membuat tempat ini jadi salah satu ikon pariwisata Sumatera Barat.Pengunjung bisa berhenti sejenak untuk menikmati dinginnya air terjun atau sekadar berfoto-foto.",Air Terjun
https://www.google.com/maps/place/Danau+Atas+Dan+Danau+Bawah/data=!4m7!3m6!1s0x2e2b51e59636d0a7:0xf25280c4aaf4a904!8m2!3d-1.051826!4d100.7113642!16s%2Fg%2F11fmrdr4zj!19sChIJp9A2luVRKy4RBKn0qsSAUvI?authuser=0&hl=id&rclk=1,Danau Atas Dan Danau Bawah,"4,7",https://lh5.googleusercontent.com/p/AF1QipO4f37I7FQB4U2g_pAbtm9Nv4FlUiUfKGRuP1XY=w1220-h920-k-no,Sumatera Barat,"Kecamatan X Koto Diatas, Kabupaten Tanah Datar","Danau Atas Dan Danau Bawah merupakan dua buah danau indah saling berdampingan dengan panorama pegunungan sebagai latar belakangnya.
Tempat ini sangat cocok untuk kegiatan memancing maupun piknik bersama keluarga karena suasananya tenang ditambah fasilitas area bermain anak-anak. Pengunjung juga bisa menyewa perahu kecil untuk mengelilingi kedua danau tersebut.",Danau
https://www.google.com/maps/place/Air+Terjun+Sarasah+Bunta/data=!4m7!3m6!1s0x2e2aac5285bc675b:0xd7060c6b5a9dd087!8m2!3d-0.1082169!4d100.6753776!16s%2Fg%2F11c600_pw2!19sChIJW2e8hVKsKi4Rh9CdWmsMBtc?authuser=0&hl=id&rclk=1,Air Terjun Sarasah Bunta,"4,5",https://lh5.googleusercontent.com/p/AF1QipPvqoDCC0_T31FeYz7LE7Gh_NNjZjlru3Gcmb5m=w1220-h920-k-no,Sumatera Barat,"Tarantang, Kecamatan Harau, Kabupaten Lima Puluh Kota","Air Terjun Sarasah Bunta terletak di Lembah Harau dan dikenal dengan keindahan airnya yang jernih serta suasana alam yang sejuk. Air terjun ini memiliki ketinggian yang cukup menawan dan mengalir dari dataran tinggi, menciptakan pemandangan yang mempesona. Selain menikmati keindahan alam, pengunjung dapat bermain di kolam alami di bawah air terjun yang tidak terlalu dalam, menjadikannya tempat yang aman untuk keluarga. Terdapat juga prasasti bersejarah di sekitar lokasi yang menandakan pembukaan kawasan ini untuk umum pada tahun 1926. Pengunjung dapat menikmati makanan ringan yang dijual di sekitar area sambil bersantai menikmati suasana.",Air Terjun
https://www.google.com/maps/place/Jam+Gadang+Bukittinggi/data=!4m7!3m6!1s0x2fd538bd1ff164a7:0xcea33881870dc19!8m2!3d-0.3051816!4d100.3694972!16s%2Fg%2F1pp2w_m4c!19sChIJp2TxH7041S8RGdxwGIgz6gw?authuser=0&hl=id&rclk=1,Jam Gadang Bukittinggi,"4,7",https://lh5.googleusercontent.com/p/AF1QipN8NloCcv98CdQ5YWygEP6N1GtLXFxcGtahUwnw=w1220-h920-k-no,Sumatera Barat,"Kecamatan Bukittinggi, Kota Bukittinggi","Jam Gadang adalah ikon kota Bukittinggi dan menjadi salah satu landmark paling terkenal di Sumatera Barat. Menara jam ini dibangun pada tahun 1926 dan menjadi simbol kebanggaan masyarakat setempat. Dengan tinggi sekitar 26 meter, Jam Gadang dikelilingi oleh taman yang asri dan sering menjadi lokasi berkumpulnya warga serta wisatawan. Pengunjung dapat menikmati pemandangan sekelilingnya sambil berfoto di depan menara jam yang megah ini. Selain itu, terdapat banyak penjual makanan dan suvenir di sekitar lokasi, menjadikannya tempat yang ramai dan hidup.",Lainnya
https://www.google.com/maps/place/Puncak+Gagoan/data=!4m7!3m6!1s0x2fd4d1486900c44f:0xc66af57a94e51d5f!8m2!3d-0.6743183!4d100.5089637!16s%2Fg%2F11cjh_5956!19sChIJT8QAaUjR1C8RXx3llHr1asY?authuser=0&hl=id&rclk=1,Puncak Gagoan,"4,6",https://lh5.googleusercontent.com/p/AF1QipNyg5pz1nZSt9MvezQ9CrXvhcJw18i2HmZtK2cY=w1220-h920-k-no,Sumatera Barat,"Kecamatan X Koto Diatas, Kabupaten Tanah Datar","Puncak Gagoan adalah salah satu destinasi wisata puncak yang menawarkan panorama alam luar biasa dari ketinggian. Dari puncak ini, pengunjung dapat melihat hamparan sawah hijau dan pegunungan sekitarnya. Tempat ini sangat cocok untuk kegiatan trekking dan berkemah, dengan jalur pendakian yang relatif mudah diakses oleh semua kalangan. Suasana sejuk dan tenang membuat Puncak Gagoan menjadi tempat ideal untuk bersantai sambil menikmati keindahan alam. Banyak pengunjung datang untuk berburu foto sunrise atau sunset yang menakjubkan dari lokasi ini.",Puncak
https://www.google.com/maps/place/Objek+Wisata+Ikan+Sakti+Sungai+Janiah/data=!4m7!3m6!1s0x2fd548814d98ea91:0x350a5085ebb24d05!8m2!3d-0.2626303!4d100.4573563!16s%2Fg%2F11f00by9nz!19sChIJkeqYTYFI1S8RBU2y64VQCjU?authuser=0&hl=id&rclk=1,Objek Wisata Ikan Sakti Sungai Janiah,"4,2",https://lh5.googleusercontent.com/p/AF1QipPAs7N71x6fm2kDbu0EmFePOq4kyWewQGZvHAWW=w1220-h920-k-no,Sumatera Barat,"Kecamatan Sungai Janiah, Kabupaten Tanah Datar","Objek Wisata Ikan Sakti Sungai Janiah adalah tempat wisata unik yang menawarkan pengalaman melihat ikan sakti secara langsung di sungai yang jernih. Tempat ini dikelilingi oleh pemandangan alam yang indah dan asri, menjadikannya lokasi ideal untuk bersantai sambil menikmati keindahan alam. Selain itu, pengunjung dapat melakukan kegiatan memancing atau hanya sekadar bermain air di tepi sungai. Fasilitas sederhana tersedia untuk mendukung kenyamanan pengunjung saat berlibur di sini, termasuk area piknik dan spot foto menarik.",Lainnya
https://www.google.com/maps/place/Kampuang+Minang+Nagari+Sumpu/data=!4m7!3m6!1s0x2fd52941790c1e11:0xc0eb9da00e7b0c3!8m2!3d-0.5242972!4d100.492333!16s%2Fg%2F11gjs81dy4!19sChIJER4MeUEp1S8Rw7DnANq5Dgw?authuser=0&hl=id&rclk=1,Kampuang Minang Nagari Sumpu,"4,6",https://lh5.googleusercontent.com/p/AF1QipNKGbAMSCVjzRjHsMiqCZZ4mQwjNuJXAf-LMZTf=w1220-h920-k-no,Sumatera Barat,"Kecamatan Sumpu, Kabupaten Sijunjung","Kampuang Minang Nagari Sumpu adalah desa wisata yang memperkenalkan budaya Minangkabau kepada pengunjung. Di sini, wisatawan dapat belajar tentang adat istiadat lokal, kerajinan tangan, serta mencicipi masakan khas daerah. Suasana desa yang asri dan ramah membuat pengalaman berwisata semakin menyenangkan. Pengunjung juga dapat berinteraksi langsung dengan penduduk setempat untuk memahami lebih dalam tentang kehidupan sehari-hari masyarakat Minangkabau. Kampuang Minang Nagari Sumpu sangat cocok untuk keluarga atau kelompok pelajar yang ingin mendapatkan pengalaman edukatif sekaligus rekreasi.",Desa Wisata
https://www.google.com/maps/place/AIR+TERJUN+NYARAI/data=!4m7!3m6!1s0x2fd4db63b0ee737f:0x93058ab0d1e9afc8!8m2!3d-0.6831867!4d100.3630253!16s%2Fg%2F11bw4tp8wb!19sChIJf3PusGPb1C8RyK_p0bCKBZM?authuser=0&hl=id&rclk=1,AIR TERJUN NYARAI,"4,4",https://lh5.googleusercontent.com/p/AF1QipP-vxEgDJ98X7GbIoac3MVFuU1VXfSytYDsBRr0=w1220-h920-k-no,Sumatera Barat,"Kecamatan Lembah Harau, Kabupaten Lima Puluh Kota","Air Terjun Nyarai merupakan salah satu destinasi wisata alam di Lembah Harau dengan keindahan air terjun yang menawan dan dikelilingi oleh tebing-tebing granit tinggi. Air terjun ini menawarkan suasana tenang dan udara segar bagi para pengunjung yang ingin bersantai atau berfoto-foto dengan latar belakang alam yang indah. Lokasi ini juga menyediakan fasilitas untuk kegiatan outdoor seperti trekking dan piknik, sehingga sangat cocok bagi keluarga maupun kelompok teman-teman. Keberadaan flora dan fauna di sekitar air terjun menambah daya tarik tempat ini sebagai destinasi ekowisata.",Air Terjun
https://www.google.com/maps/place/Danau+Cimpago/data=!4m7!3m6!1s0x2fd4b92c97ea4d33:0xb63a291bbf3ae8e3!8m2!3d-0.9338368!4d100.3512528!16s%2Fg%2F11bzvb6b95!19sChIJM03qlyy51C8R4-g6vxspOrY?authuser=0&hl=id&rclk=1,Danau Cimpago,"4,3",https://lh5.googleusercontent.com/p/AF1QipMP8hr4Q9-NfsfxoYK-7Fz6n64M6C1cM8bNqEfe=w1220-h920-k-no,Sumatera Barat,"Kecamatan Padang Selatan, Kota Padang","Danau Cimpago adalah sebuah danau indah yang terletak dekat dengan pantai Cimpago di Padang. Dengan pemandangan laut lepas dan pegunungan di sekelilingnya, tempat ini menjadi lokasi favorit bagi para pengunjung untuk bersantai sambil menikmati keindahan alam. Danau ini juga menyediakan berbagai fasilitas rekreasi seperti area piknik dan jalur jogging bagi para pengunjung yang ingin berolahraga sambil menikmati suasana damai di sekitar danau. Keberadaan berbagai jenis burung migran juga menambah daya tarik Danau Cimpago sebagai tempat wisata alam.",Danau
https://www.google.com/maps/place/Tapian+Puti/data=!4m7!3m6!1s0x2fd4ddaed74fdb39:0x6ac2a39f23cdc695!8m2!3d-0.6857842!4d100.3285472!16s%2Fg%2F11bw51ql06!19sChIJOdtP167d1C8RlcbNI5-jwmo?authuser=0&hl=id&rclk=1,Tapian Puti,"4,5",https://lh5.googleusercontent.com/p/AF1QipO2Eqt5pIs3wjnvGVaAAuXquDUJgAHn7g7MvgTj=w1220-h920-k-no,Sumatera Barat,"Kecamatan Salido, Kabupaten Pesisir Selatan","Tapian Puti adalah objek wisata air terjun yang terkenal dengan keindahan alamnya serta kolam alami di bawahnya yang jernih dan segar. Tempat ini dikelilingi oleh hutan tropis yang rimbun, menjadikannya lokasi ideal untuk bersantai atau berenang bagi keluarga. Suasana tenang dan jauh dari keramaian membuat Tapian Puti menjadi pilihan tepat bagi mereka yang ingin melarikan diri dari kesibukan kota. Fasilitas sederhana tersedia untuk mendukung kenyamanan pengunjung saat berlibur di sini.",Air Terjun
https://www.google.com/maps/place/Puncak+Cemara+City+View/data=!4m7!3m6!1s0x2e2b2f3764474e2d:0x2bfdd19ab2760545!8m2!3d-0.6741101!4d100.7728518!16s%2Fg%2F11c2qh5wsq!19sChIJLU5HZDcvKy4RRQV2sprR_Ss?authuser=0&hl=id&rclk=1,Puncak Cemara City View,"4,4",https://lh5.googleusercontent.com/p/AF1QipNtwslI_Qg0W_UE-81Ato_MbyJtKceyFAfg0b1e=w1220-h920-k-no,Sumatera Barat,"Kecamatan Bukittinggi, Kota Bukittinggi","Puncak Cemara City View adalah destinasi wisata puncak dengan pemandangan kota Bukittinggi dari ketinggian. Tempat ini menawarkan panorama indah terutama saat matahari terbenam, menjadikannya lokasi favorit bagi para fotografer dan pasangan muda. Di sini terdapat area bersantai serta fasilitas untuk piknik sehingga pengunjung dapat menikmati waktu bersama keluarga atau teman-teman sambil menikmati keindahan alam sekitar.",Puncak
https://www.google.com/maps/place/Air+Terjun+Lubuak+Bulan/data=!4m7!3m6!1s0x2fd5552c86f1aec3:0xc7c3c7e86350ab6!8m2!3d-0.03658!4d100.6010425!16s%2Fg%2F11fwn9fyfk!19sChIJw67xhixV1S8Rtgo1hn48fAw?authuser=0&hl=id&rclk=1,Air Terjun Lubuak Bulan,"4,7",https://lh5.googleusercontent.com/p/AF1QipNq_KG4U9-pSglcfFlBhxLqe3nbCC2s6OIMHq8A=w1220-h920-k-no,Sumatera Barat,"Kecamatan Batipuh Selatan, Kabupaten Tanah Datar",Air Terjun Lubuak Bulan adalah destinasi wisata alam dengan keindahan air terjun setinggi 30 meter dikelilingi oleh hutan hijau rimbun. Tempat ini menawarkan suasana tenang bagi pengunjung yang ingin bersantai sambil menikmati suara gemericik air jatuh ke kolam alami di bawahnya. Pengunjung dapat bermain air atau sekadar berfoto-foto dengan latar belakang air terjun yang menawan.,Air Terjun
https://www.google.com/maps/place/Lubuk+Paraku/data=!4m7!3m6!1s0x2fd4b6c0006a87dd:0x2c543248af7a0fb!8m2!3d-0.9468913!4d100.5070291!16s%2Fg%2F11dxhy2np_!19sChIJ3YdqAMC21C8R-6D3iiRDxQI?authuser=0&hl=id&rclk=1,Lubuk Paraku,"4,3",https://lh5.googleusercontent.com/p/AF1QipP3NqNXMdcsdRH7k74Rl2zlQLHbewNMe5ETqQwf=w1220-h920-k-no,Sumatera Barat,"Kecamatan X Koto Diatas, Kabupaten Tanah Datar",Lubuk Paraku adalah sebuah lokasi wisata alam dengan aliran sungai jernih dan kolam alami dikelilingi oleh pepohonan rindang serta tebing batu kapur. Tempat ini sangat cocok untuk kegiatan berenang atau piknik bersama keluarga karena suasana tenangnya membuat pengunjung merasa nyaman berlama-lama di sini.,Lainnya
https://www.google.com/maps/place/Cagar+Alam+Lembah+Anai/data=!4m7!3m6!1s0x2fd523cdb7fa0a4b:0x60f854a79536f354!8m2!3d-0.48651!4d100.3364936!16s%2Fg%2F11rp5clyxn!19sChIJSwr6t80j1S8RVPM2ladU-GA?authuser=0&hl=id&rclk=1,Cagar Alam Lembah Anai,"4,7",https://lh5.googleusercontent.com/p/AF1QipMLAjisCt-aJ5DCoCemFz4zFYfcle_xkwIjBv-H=w1220-h920-k-no,Sumatera Barat,"Kecamatan VI Koto Sungai Lolo, Kabupaten Tanah Datar",Cagar Alam Lembah Anai merupakan kawasan konservasi dengan flora dan fauna endemik serta keindahan alam pegunungan. Tempat ini sangat cocok untuk kegiatan hiking atau observasi satwa liar bagi para pencinta alam.,Lainnya
https://www.google.com/maps/place/Objek+Wisata+Danau+Singkarak/data=!4m7!3m6!1s0x2fd529bb2b83b695:0xb08b463760320aca!8m2!3d-0.5483227!4d100.5207204!16s%2Fg%2F11g0t8w06t!19sChIJlbaDK7sp1S8RygoyYDdGi7A?authuser=0&hl=id&rclk=1,Objek Wisata Danau Singkarak,"4,3",https://lh5.googleusercontent.com/p/AF1QipOP2KLvpg2sDJtiuhRNzzwul8rT2P2P-joFpwA=w1220-h920-k-no,Sumatera Barat,"Kecamatan X Koto Singkarak, Kabupaten Solok",Danau Singkarak adalah danau terbesar kedua di Sumatera setelah Danau Toba dengan pemandangan luar biasa serta berbagai aktivitas rekreasi seperti memancing atau berkayak. Keberadaan ikan endemik seperti ikan bilih menjadi daya tarik tersendiri bagi para pemancing.,Danau
https://www.google.com/maps/place/Taman+Wisata+Lembah+Harau/data=!4m7!3m6!1s0x2e2aad8dd1d58a13:0x8ce014f5749e9593!8m2!3d-0.1129528!4d100.6698177!16s%2Fg%2F11h2jlr2ff!19sChIJE4rV0Y2tKi4Rk5WedPUU4Iw?authuser=0&hl=id&rclk=1,Taman Wisata Lembah Harau,"4,4",https://lh5.googleusercontent.com/p/AF1QipOko33RABYf4oKFPCL16Lywkv3a6IhfV-VkW10D=w1220-h920-k-no,Sumatera Barat,"Kecamatan Harau, Kabupaten Lima Puluh Kota", Taman Wisata Lembah Harau menawarkan berbagai atraksi wisata mulai dari trekking hingga melihat air terjun serta tebing-tebing granit tinggi. Tempat ini sangat cocok bagi pecinta alam maupun keluarga karena menyediakan fasilitas lengkap untuk aktivitas luar ruangan.,Taman Rekreasi
https://www.google.com/maps/place/Janjang+40/data=!4m7!3m6!1s0x2fd538a2ea44bacd:0xaa621b419cff9fc3!8m2!3d-0.3025422!4d100.3708755!16s%2Fg%2F1203np0fq!19sChIJzbpE6qI41S8Rw5__nEEbYqo?authuser=0&hl=id&rclk=1,Janjang 40,"4,6",https://lh5.googleusercontent.com/p/AF1QipOWQwZKObFLiBJCZGBkR8fYcGznYCxtVdcPwXgx=w1220-h920-k-no,Sumatera Barat,"Kecamatan Bukittinggi, Kota Bukittinggi",Janjang 40 adalah jalur tangga ikonik menuju Puncak Lawang dengan lebih dari 40 anak tangga menghubungkan dua lokasi penting dalam kota Bukittinggi. Dikenal sebagai jalur olahraga sekaligus tempat berfoto menarik bagi para pengunjung.,Lainnya
https://www.google.com/maps/place/Pantai+Ujuang+Batu/data=!4m7!3m6!1s0x2fd4c0c37a14dc4f:0x37b178f4a7280868!8m2!3d-0.8648099!4d100.3323228!16s%2Fg%2F11cs24qqql!19sChIJT9wUesPA1C8RaAgop_R4sTc?authuser=0&hl=id&rclk=1,Pantai Ujuang Batu,"4,4",https://lh5.googleusercontent.com/p/AF1QipNyq0qz2Yid5QksOuaPEp1A1WsArVbiXtHEqDzj=w1220-h920-k-no,Sumatera Barat,"Kecamatan Bungus Teluk Kabung, Kota Padang",Pantai Ujuang Batu adalah pantai eksotis dengan batu-batu besar di tepiannya serta ombak tenang ideal untuk bersantai atau bermain air laut. Suasana pantai yang tenang menjadikannya tempat pelarian sempurna dari kesibukan kota.,Pantai
https://www.google.com/maps/place/Taman+Margasatwa+dan+Budaya+Kinantan/data=!4m7!3m6!1s0x2fd538bce9b9b37f:0xbebfcc6c4f0cecf2!8m2!3d-0.30038!4d100.3696365!16s%2Fg%2F120mbs83!19sChIJf7O56bw41S8R8uwMT2zMv74?authuser=0&hl=id&rclk=1,Taman Margasatwa dan Budaya Kinantan,"4,5",https://lh5.googleusercontent.com/p/AF1QipOZOcVzpZeucA0DJqCdKAWABnVDOZojG2nlIL9q=w1220-h920-k-no,Sumatera Barat,"Jalan Cindua Mato, Benteng Pasar Atas, Kecamatan Guguk Panjang, Kota Bukittinggi","Taman Margasatwa dan Budaya Kinantan, atau lebih dikenal sebagai Kebun Binatang Bukittinggi, merupakan salah satu kebun binatang tertua di Indonesia yang didirikan pada awal tahun 1900-an. Terletak di atas Bukit Cubadak Bungkuak, taman ini menawarkan pemandangan alam yang indah serta berbagai koleksi satwa yang lengkap. Di dalam kompleks ini terdapat juga Museum Rumah Adat Baanjuang yang menyimpan peninggalan budaya Minangkabau. Pengunjung dapat menikmati pengalaman edukatif sambil melihat berbagai jenis hewan, termasuk mamalia dan burung, serta berinteraksi dengan budaya lokal melalui pertunjukan seni dan pameran. Taman ini juga memiliki akuarium ikan hias yang menambah daya tarik bagi pengunjung.",Lainnya
https://www.google.com/maps/place/Istano+Basa+Pagaruyung/data=!4m7!3m6!1s0x2e2ad2d2be29c7dd:0xb19e3eb230efffbc!8m2!3d-0.4712964!4d100.6214049!16s%2Fm%2F0ztdsw9!19sChIJ3ccpvtLSKi4RvP_vMLI-nrE?authuser=0&hl=id&rclk=1,Istano Basa Pagaruyung,"4,7",https://lh5.googleusercontent.com/p/AF1QipN7Td8tPUPzyUHEQ7C_21AMvlMVks86tc_mrsSJ=w1220-h920-k-no,Sumatera Barat,"Kecamatan Tanjung Emas, Kabupaten Tanah Datar","Istano Basa Pagaruyung adalah istana kebanggaan masyarakat Minangkabau yang merupakan simbol budaya dan sejarah daerah tersebut. Bangunan ini dibangun dengan arsitektur khas Minangkabau yang megah dan indah, dilengkapi dengan ornamen tradisional. Istana ini tidak hanya berfungsi sebagai tempat tinggal raja, tetapi juga menjadi pusat kegiatan budaya dan upacara adat. Pengunjung dapat menjelajahi berbagai ruangan di dalam istana dan melihat koleksi artefak bersejarah yang menggambarkan kehidupan masyarakat Minangkabau. Istano Basa Pagaruyung sering dijadikan lokasi untuk acara budaya dan festival, menjadikannya destinasi wisata yang kaya akan nilai sejarah dan budaya.",Museum/Sejarah
https://www.google.com/maps/place/Danau+Biru+Sawahlunto/data=!4m7!3m6!1s0x2e2b2800a1c7734d:0x3d259627213869a6!8m2!3d-0.5944232!4d100.7995445!16s%2Fg%2F11cmq_czx5!19sChIJTXPHoQAoKy4Rpmk4ISeWJT0?authuser=0&hl=id&rclk=1,Danau Biru Sawahlunto,"4,3",https://lh5.googleusercontent.com/p/AF1QipOjcPmE1RfQneX3TpYZrXMZgnbJJzhi1kscbJoK=w1220-h920-k-no,Sumatera Barat,"Kecamatan Sawahlunto, Kota Sawahlunto","Danau Biru adalah sebuah danau buatan yang terletak di Sawahlunto dengan air berwarna biru cerah yang memukau. Danau ini terbentuk akibat aktivitas penambangan batubara di masa lalu dan kini menjadi objek wisata populer bagi masyarakat lokal maupun wisatawan. Lingkungan sekitar danau dikelilingi oleh pepohonan hijau yang memberikan suasana tenang dan nyaman untuk bersantai. Pengunjung dapat melakukan berbagai aktivitas seperti berfoto, piknik di tepi danau, atau sekadar menikmati keindahan alam sambil menghirup udara segar. Danau Biru juga sering dijadikan lokasi untuk kegiatan outdoor seperti berkemah dan trekking di sekitarnya.",Danau
https://www.google.com/maps/place/Taman+Muaro+Lasak/data=!4m7!3m6!1s0x2fd4bf4f41c105ad:0x9465e06761c1af56!8m2!3d-0.9291107!4d100.3501138!16s%2Fg%2F11f5q84gwp!19sChIJrQXBQU-_1C8RVq_BYWfgZZQ?authuser=0&hl=id&rclk=1,Taman Muaro Lasak,"4,4",https://lh5.googleusercontent.com/p/AF1QipMShc2udx9vxSGZaF_V_VfbpEpnf9-vXiVGv_he=w1220-h920-k-no,Sumatera Barat,"Kecamatan Padang Selatan, Kota Padang","Taman Muaro Lasak adalah taman rekreasi yang terletak di tepi laut dengan pemandangan indah ke arah Samudera Hindia. Taman ini menawarkan berbagai fasilitas untuk bersantai seperti area bermain anak-anak, jalur jogging, serta tempat duduk untuk menikmati pemandangan laut. Suasana sejuk dan angin laut membuat taman ini menjadi tempat ideal untuk piknik keluarga atau sekadar bersantai setelah beraktivitas. Selain itu, terdapat juga berbagai kios makanan yang menjual kuliner khas daerah, sehingga pengunjung dapat mencicipi makanan sambil menikmati keindahan alam sekitar.",Taman Rekreasi
https://www.google.com/maps/place/Danau+Laut+Tinggal/data=!4m7!3m6!1s0x302a4f1ecebd8e9b:0xe604fda0adaac314!8m2!3d0.4767625!4d99.6601406!16s%2Fg%2F11bxd_4thc!19sChIJm469zh5PKjARFMOqraD9BOY?authuser=0&hl=id&rclk=1,Danau Laut Tinggal,"4,6",https://lh5.googleusercontent.com/p/AF1QipPVNfeNVnkmOwKPnoKW7Tf2U_IOpdsypn84hpKZ=w1220-h920-k-no,Sumatera Barat,"Kecamatan Sungai Pagu, Kabupaten Solok Selatan","Danau Laut Tinggal adalah sebuah danau alami yang terletak di kawasan pegunungan dengan pemandangan alam yang menakjubkan. Danau ini dikelilingi oleh hutan lebat dan pegunungan hijau, menciptakan suasana damai bagi pengunjung yang ingin melarikan diri dari keramaian kota. Tempat ini sangat cocok untuk kegiatan memancing atau piknik bersama keluarga karena suasananya yang tenang dan udara segar. Pengunjung juga dapat melakukan trekking di sekitar danau untuk menikmati keindahan alam lebih dekat.",Danau
https://www.google.com/maps/place/Pantai+Tanjung+Mutiara/data=!4m7!3m6!1s0x2fd5297b97ebae2b:0x4c78008abb6f102f!8m2!3d-0.547953!4d100.523163!16s%2Fg%2F11ckxwwdpw!19sChIJK67rl3sp1S8RLxBvu4oAeEw?authuser=0&hl=id&rclk=1,Pantai Tanjung Mutiara,"4,2",https://lh5.googleusercontent.com/p/AF1QipNM56r2fEYJ0CUlaAcb7nAd_Kti9UsT3096TDYw=w1220-h920-k-no,Sumatera Barat,"Kecamatan Tanjung Mutiara, Kabupaten Agam","Pantai Tanjung Mutiara adalah pantai eksotis dengan pasir putih bersih dan air laut jernih yang memikat hati pengunjung. Dikenal karena keindahan alamnya serta suasana tenang, pantai ini menjadi tempat ideal untuk bersantai sambil menikmati angin laut. Pengunjung dapat melakukan berbagai aktivitas seperti berenang, bermain pasir, atau sekadar bersantai di tepi pantai sambil menikmati pemandangan matahari terbenam yang spektakuler. Fasilitas sederhana tersedia untuk mendukung kenyamanan pengunjung saat berlibur di sini.",Pantai
https://www.google.com/maps/place/Panorama+Kayu+Kolek/data=!4m7!3m6!1s0x2e2aca81cd5800ab:0x1285a7dbd3b1d716!8m2!3d-0.2950321!4d100.6617827!16s%2Fg%2F11gd1v3k90!19sChIJqwBYzYHKKi4RFtex09unhRI?authuser=0&hl=id&rclk=1,Panorama Kayu Kolek,"4,3",https://lh5.googleusercontent.com/p/AF1QipPvb3YaYRRYIRiCFBLXarPblIljIsruF2d_sakE=w1220-h920-k-no,Sumatera Barat,"Kecamatan Bukittinggi, Kota Bukittinggi","Panorama Kayu Kolek adalah lokasi wisata alam dengan pemandangan indah dari ketinggian yang menawarkan panorama lembah hijau serta pegunungan sekitarnya. Tempat ini sangat populer bagi para pengunjung yang ingin menikmati keindahan alam sambil berfoto-foto atau sekadar bersantai di area terbuka. Dengan udara segar dan suasana tenang, Panorama Kayu Kolek menjadi pilihan tepat untuk melarikan diri dari kesibukan kota.",Lainnya
https://www.google.com/maps/place/Ngalau+Indah/data=!4m7!3m6!1s0x2fd54b26e12a0159:0xbfc2b13876cb93e5!8m2!3d-0.2549649!4d100.6042679!16s%2Fg%2F11bw51j7vj!19sChIJWQEq4SZL1S8R5ZPLdjixwr8?authuser=0&hl=id&rclk=1,Ngalau Indah,"4,4",https://lh5.googleusercontent.com/p/AF1QipOG8OHg7M8-n2jqDAiJ2kMNetBQsD_dCYkrk8Fn=w1220-h920-k-no,Sumatera Barat,"Kecamatan Payakumbuh, Kota Payakumbuh",Ngalau Indah adalah sebuah gua alami yang terletak di daerah Payakumbuh dengan keindahan stalaktit dan stalagmitnya yang menawan. Gua ini menawarkan pengalaman petualangan bagi para pengunjung yang ingin menjelajahi keindahan alam bawah tanah sekaligus belajar tentang geologi daerah tersebut. Suasana sejuk di dalam gua membuat pengunjung merasa nyaman saat menjelajahi setiap sudutnya. Ngalau Indah juga sering dijadikan lokasi untuk kegiatan edukasi bagi pelajar.,Goa
https://www.google.com/maps/place/Objek+Wisata+Tabek+Gadang/data=!4m7!3m6!1s0x2fd53936eb0aa51d:0x4c472482f64f9e69!8m2!3d-0.3523522!4d100.4345984!16s%2Fg%2F11f8cc0w5p!19sChIJHaUK6zY51S8RaZ5P9oIkR0w?authuser=0&hl=id&rclk=1,Objek Wisata Tabek Gadang,"4,6",https://lh5.googleusercontent.com/p/AF1QipN6y2J_kZfWdHXf3xlJHfZB0KyqTL_gyGWNygrR=w1220-h920-k-no,Sumatera Barat,"Kecamatan X Koto Diatas, Kabupaten Tanah Datar",Objek Wisata Tabek Gadang adalah tempat wisata menarik dengan pemandangan sawah terasering serta pegunungan hijau di sekelilingnya. Tempat ini menawarkan suasana tenang bagi pengunjung yang ingin bersantai sambil menikmati keindahan alam pedesaan Minangkabau. Di sini terdapat jalur trekking untuk menjelajahi area sekitar serta spot foto menarik untuk mengabadikan momen indah saat berada di Tabek Gadang.,Lainnya
https://www.google.com/maps/place/Objek+Wisata+Aur+Serumpun/data=!4m7!3m6!1s0x2fd52bc4f97aedfb:0x95b99b515cccf366!8m2!3d-0.5420627!4d100.5433606!16s%2Fg%2F11ddxzz34k!19sChIJ--16-cQr1S8RZvPMXFGbuZU?authuser=0&hl=id&rclk=1,Objek Wisata Aur Serumpun,"4,7",https://lh5.googleusercontent.com/p/AF1QipP91mXwV3eh5rOmTwo_r4f2bLMa_hpKo64fw87h=w1220-h920-k-no,Sumatera Barat,"Kecamatan Batipuh Selatan, Kabupaten Tanah Datar",Objek Wisata Aur Serumpun adalah lokasi wisata alam dengan keindahan hutan tropis serta sungai jernih yang mengalir melalui kawasan tersebut. Tempat ini sangat cocok untuk kegiatan outdoor seperti trekking atau piknik keluarga karena suasananya yang asri dan tenang. Pengunjung dapat menikmati keindahan flora dan fauna lokal sambil berinteraksi langsung dengan alam.,Hutan/Taman Nasional
https://www.google.com/maps/place/Tabiang+Takuruang/data=!4m7!3m6!1s0x2fd53f4eb8514db5:0xb48b50ff2361e5cc!8m2!3d-0.3078702!4d100.3429278!16s%2Fg%2F11cs1x0gyf!19sChIJtU1RuE4_1S8RzOVhI_9Qi7Q?authuser=0&hl=id&rclk=1,Tabiang Takuruang,"4,7",https://lh5.googleusercontent.com/p/AF1QipMCoeUCe2zEywx3EZM0wwIvkhhDfqO-3jfILVwq=w1220-h920-k-no,Sumatera Barat,"Kecamatan X Koto Diatas, Kabupaten Tanah Datar",Tabiang Takuruang adalah objek wisata alam dengan pemandangan spektakuler dari ketinggian serta jalur pendakian menantang bagi para pecinta hiking. Tempat ini menawarkan pengalaman petualangan sekaligus kesempatan untuk menikmati keindahan alam Minangkabau dari sudut pandang berbeda.,Gunung/Bukit
https://www.google.com/maps/place/Lawang+Park/data=!4m7!3m6!1s0x2fd56abeca5719cf:0xba19bc3bf59462a4!8m2!3d-0.2807779!4d100.2416477!16s%2Fg%2F11hbbxrr0n!19sChIJzxlXyr5q1S8RpGKU9Tu8Gbo?authuser=0&hl=id&rclk=1,Lawang Park,"4,6",https://lh5.googleusercontent.com/p/AF1QipMj_739vtcBSJ6HXsg2ZJ10KjIrv-lLAl8R6FBk=w1220-h920-k-no,Sumatera Barat,"Kecamatan Bukittinggi, Kota Bukittinggi",Lawang Park adalah taman rekreasi kota dengan berbagai fasilitas seperti area bermain anak-anak dan jalur jogging sepanjang taman. Tempat ini dikelilingi oleh pepohonan rindang memberikan suasana sejuk bagi pengunjung untuk bersantai atau berolahraga sambil menikmati keindahan taman kota.,Taman Rekreasi
https://www.google.com/maps/place/Panorama+Danau+Kembar+Atas+Bawah/data=!4m7!3m6!1s0x2e2b51d961567a1f:0x309df5a44452373b!8m2!3d-1.0445053!4d100.7397238!16s%2Fg%2F11clt8nvbx!19sChIJH3pWYdlRKy4ROzdSRKT1nTA?authuser=0&hl=id&rclk=1,Panorama Danau Kembar Atas Bawah,"4,3",https://lh5.googleusercontent.com/p/AF1QipNdt3PmMOXSmQj5L9rg6wxDjk1ya-cGdTduGzOR=w1220-h920-k-no,Sumatera Barat,"Kecamatan X Koto Singkarak, Kabupaten Solok",Panorama Danau Kembar Atas Bawah merupakan dua buah danau indah saling berdampingan dengan pemandangan pegunungan sebagai latar belakangnya. Tempat ini sangat cocok untuk kegiatan memancing maupun piknik bersama keluarga karena suasananya tenang ditambah fasilitas area bermain anak-anak.,Danau
https://www.google.com/maps/place/Panorama+ARIPAN+-+Puncak+Gobah/data=!4m7!3m6!1s0x2fd4d336827fa0d5:0x408368b1f74e89c0!8m2!3d-0.6871346!4d100.6140181!16s%2Fg%2F11c606ynqx!19sChIJ1aB_gjbT1C8RwIlO97Fog0A?authuser=0&hl=id&rclk=1,Panorama ARIPAN - Puncak Gobah,"4,2",https://lh5.googleusercontent.com/p/AF1QipOKUxO-mg_tMYPRJ1NiSyx2AzB7iXJL-X-Lsb78=w1220-h920-k-no,Sumatera Barat,"Kecamatan Koto Tuo, Kabupaten Agam","Panorama ARIPAN di Puncak Gobah adalah salah satu tempat wisata yang menawarkan pemandangan alam yang menakjubkan dari ketinggian. Dari sini, pengunjung dapat menikmati panorama lembah dan pegunungan yang hijau serta udara segar yang menyegarkan. Tempat ini sangat cocok untuk kegiatan fotografi, piknik, atau sekadar bersantai sambil menikmati keindahan alam. Suasana tenang dan jauh dari keramaian membuat Puncak Gobah menjadi pilihan ideal bagi mereka yang ingin melarikan diri dari kesibukan kota",Puncak
https://www.google.com/maps/place/Pemandian+lubuk+lukum/data=!4m7!3m6!1s0x2fd4c58ec155f12b:0xf6bc7416ddc9aa78!8m2!3d-0.8406462!4d100.3768293!16s%2Fg%2F11rr7g0vcs!19sChIJK_FVwY7F1C8ReKrJ3RZ0vPY?authuser=0&hl=id&rclk=1,Pemandian lubuk lukum,"4,3",https://lh5.googleusercontent.com/p/AF1QipNlumz_yct5f5HFUC554VzODD3TOPiXNmiE_jCx=w1220-h920-k-no,Sumatera Barat,"Kelurahan Balai Gadang, Kecamatan Koto Tangah, Kota Padang","Pemandian Lubuk Lukum adalah destinasi wisata alam yang terkenal di Kota Padang, menawarkan pengalaman menyegarkan dengan air sungai yang jernih dan bersih. Lokasi ini sangat cocok untuk keluarga karena memiliki area pemandian yang dangkal dan aman untuk anak-anak. Pengunjung dapat berenang sambil memberi makan ikan larangan yang ada di sungai. Suasana asri dan pemandangan indah di sekitar membuat Lubuk Lukum menjadi tempat ideal untuk bersantai dan menikmati waktu bersama keluarga atau teman-teman. Fasilitas seperti homestay juga tersedia bagi pengunjung yang ingin menginap.",Lainnya
https://www.google.com/maps/place/Puncak+%22HAPPY%22+Guguak+Sarai/data=!4m7!3m6!1s0x2e2b3221f15627a5:0x317b0dddd5caf786!8m2!3d-0.7610504!4d100.7050197!16s%2Fg%2F11cs2wlqjb!19sChIJpSdW8SEyKy4RhvfK1d0NezE?authuser=0&hl=id&rclk=1,"Puncak ""HAPPY"" Guguak Sarai","4,2",https://lh5.googleusercontent.com/p/AF1QipNN7c3TXA-b5xew6eiAaeLMXdmAxDowC_3PBqA4=w1220-h920-k-no,Sumatera Barat,"Kecamatan Guguak, Kabupaten Lima Puluh Kota","Puncak ""HAPPY"" Guguak Sarai adalah salah satu destinasi wisata puncak yang menawarkan panorama alam yang memukau. Dari puncak ini, pengunjung dapat melihat hamparan sawah terasering dan pegunungan sekitarnya dengan udara segar yang menenangkan. Tempat ini sangat populer di kalangan wisatawan lokal untuk berfoto dan menikmati keindahan alam. Suasana tenang menjadikannya lokasi ideal untuk relaksasi atau piknik bersama keluarga.",Puncak
https://www.google.com/maps/place/Kampuang+Sarosah/data=!4m7!3m6!1s0x2e2aad2c31afbb81:0x6bae39ec68f1201a!8m2!3d-0.1143748!4d100.6680908!16s%2Fg%2F11f7r1t2cx!19sChIJgbuvMSytKi4RGiDxaOw5rms?authuser=0&hl=id&rclk=1,Kampuang Sarosah,"4,5",https://lh5.googleusercontent.com/p/AF1QipOcJgcLVjoGzBmYlelZkkqJTWbdBAh3dKgwDiRz=w1220-h920-k-no,Sumatera Barat,"Kecamatan Harau, Kabupaten Lima Puluh Kota","Kampuang Sarosah adalah desa wisata yang menawarkan pengalaman budaya Minangkabau kepada para pengunjung. Di sini, wisatawan dapat belajar tentang tradisi lokal, kerajinan tangan, serta mencicipi masakan khas daerah. Suasana desa yang asri dan ramah membuat pengalaman berwisata semakin menyenangkan. Kampuang Sarosah juga menyediakan berbagai aktivitas edukatif bagi pengunjung, menjadikannya pilihan tepat untuk keluarga dan pelajar.",Desa Wisata
https://www.google.com/maps/place/Sago+Park/data=!4m10!3m9!1s0x2e2ab592b98312d9:0x9510c973b1f0e63d!5m2!4m1!1i2!8m2!3d-0.2820275!4d100.641923!16s%2Fg%2F11g0zv189s!19sChIJ2RKDuZK1Ki4RPebwsXPJEJU?authuser=0&hl=id&rclk=1,Sago Park,"4,1",https://lh5.googleusercontent.com/p/AF1QipNDNNOPspIIvWyjb17CGUmhhtmBIYRncpl6X6-0=w1220-h920-k-no,Sumatera Barat,"Kecamatan Padang Selatan, Kota Padang","Sago Park adalah taman rekreasi yang menyediakan berbagai fasilitas untuk bersantai dan bermain bagi keluarga. Dengan suasana hijau dan asri, taman ini menjadi tempat ideal untuk piknik atau sekadar berjalan-jalan menikmati keindahan alam. Terdapat area bermain anak-anak serta jalur jogging bagi pengunjung yang ingin berolahraga sambil menikmati udara segar. Sago Park juga sering dijadikan lokasi untuk acara komunitas dan festival lokal.",Taman Rekreasi
https://www.google.com/maps/place/Taman+Siti+Nurbaya/data=!4m7!3m6!1s0x2fd4bc001208631d:0x7356f2291fd42f3!8m2!3d-0.9653256!4d100.359632!16s%2Fg%2F11r80v_qz!19sChIJHWMIEgC81C8R80L9kSJvNQc?authuser=0&hl=id&rclk=1,Taman Siti Nurbaya,"4,6",https://lh5.googleusercontent.com/p/AF1QipN4NHX785WW1PNdOfyAv_50HbZdDTSIZaw0CZYA=w1220-h920-k-no,Sumatera Barat,"Kecamatan Padang Selatan, Kota Padang",Taman Siti Nurbaya adalah taman kota yang terkenal dengan keindahan alamnya serta cerita legenda Minangkabau. Taman ini dikelilingi oleh pepohonan rindang dan memiliki jalur setapak untuk berjalan-jalan santai. Pengunjung dapat menikmati suasana tenang sambil beristirahat di bangku-bangku taman atau berfoto dengan latar belakang patung Siti Nurbaya. Taman ini juga sering dijadikan lokasi acara budaya dan festival.,Taman Rekreasi
https://www.google.com/maps/place/Lobang+Jepang+Bukittinggi/data=!4m7!3m6!1s0x2fd538bbd2c73449:0x57754f9fe912dcab!8m2!3d-0.3077364!4d100.3650199!16s%2Fg%2F1216x1y4!19sChIJSTTH0rs41S8Rq9wS6Z9PdVc?authuser=0&hl=id&rclk=1,Lobang Jepang Bukittinggi,"4,5",https://lh5.googleusercontent.com/p/AF1QipMIIAhmuBiC-i_5dQxkng5lC2CiCYcMM0K1MHey=w1220-h920-k-no,Sumatera Barat,"Kecamatan Bukittinggi, Kota Bukittinggi","Lobang Jepang adalah situs sejarah yang terletak di Bukittinggi, merupakan bekas markas pertahanan Jepang selama Perang Dunia II. Pengunjung dapat menjelajahi terowongan bawah tanah ini sambil belajar tentang sejarah perjuangan bangsa Indonesia melawan penjajahan. Di dalam lobang terdapat berbagai ruangan yang menunjukkan kehidupan tentara Jepang pada masa itu. Situs ini menjadi daya tarik bagi wisatawan sejarah serta pecinta budaya.",Museum/Sejarah
https://www.google.com/maps/place/Bukik+Chinangkiek/data=!4m7!3m6!1s0x2fd4d2d5efd71873:0x3001551dae8d187f!8m2!3d-0.7030309!4d100.6163318!16s%2Fg%2F11c75_7987!19sChIJcxjX79XS1C8RfxiNrh1VATA?authuser=0&hl=id&rclk=1,Bukik Chinangkiek,"4,2",https://lh5.googleusercontent.com/p/AF1QipP6d51UadnF9YeOYzH2_CpY1K8LybZhoYZhNiqN=w1220-h920-k-no,Sumatera Barat,"Kecamatan Bukittinggi, Kota Bukittinggi","Bukik Chinangkiek adalah sebuah bukit kecil di Bukittinggi dengan pemandangan indah dari ketinggian. Tempat ini menawarkan jalur pendakian ringan bagi para pengunjung yang ingin menikmati keindahan alam sambil berolahraga. Dari atas bukit, pengunjung dapat melihat panorama kota Bukittinggi serta lembah sekitarnya.",Gunung/Bukit
https://www.google.com/maps/place/Bukit+Batu+Manda+Nan+Elok/data=!4m7!3m6!1s0x2fd54db56541923b:0x1e540e3c37d05481!8m2!3d-0.1821415!4d100.5527484!16s%2Fg%2F11b_03dscv!19sChIJO5JBZbVN1S8RgVTQNzwOVB4?authuser=0&hl=id&rclk=1,Bukit Batu Manda Nan Elok,"4,6",https://lh5.googleusercontent.com/p/AF1QipOc-qyheIl4uxPki8vWdNlg-eYNjumOpJoPnZY=w1220-h920-k-no,Sumatera Barat,"Kecamatan Koto Tangah, Kota Padang",Bukit Batu Manda Nan Elok adalah lokasi wisata alam dengan pemandangan batu-batu besar serta panorama hijau di sekitarnya. Tempat ini cocok untuk kegiatan trekking atau sekadar bersantai sambil menikmati keindahan alam sekitar. Suasana tenang menjadikan bukit ini pilihan tepat bagi mereka yang ingin berlibur jauh dari keramaian kota.,Gunung/Bukit
https://www.google.com/maps/place/Tarusan+Kamang/data=!4m7!3m6!1s0x2fd545b000000001:0xb737601b5aae679f!8m2!3d-0.2022938!4d100.4315075!16s%2Fg%2F124xvdfl0!19sChIJAQAAALBF1S8Rn2euWhtgN7c?authuser=0&hl=id&rclk=1,Tarusan Kamang,"4,3",https://lh5.googleusercontent.com/p/AF1QipNH0LRvkzScaUuTfzeDEHCgmr14NhSjZGIQVDgH=w1220-h920-k-no,Sumatera Barat,"Kecamatan Kamang Magek, Kabupaten Agam",Tarusan Kamang adalah objek wisata alam dengan pemandangan sawah terasering dan pegunungan sekitarnya yang indah. Tempat ini menawarkan jalur trekking bagi para pengunjung yang ingin menjelajahi keindahan alam Minangkabau lebih dekat. Suasana damai di sekitar membuat Tarusan Kamang menjadi lokasi ideal untuk bersantai atau piknik bersama keluarga.,Lainnya
https://www.google.com/maps/place/Air+Terjun+Lubuak+Rantiang/data=!4m7!3m6!1s0x2fd4c43f44a583ed:0xf336fbef2f7ed214!8m2!3d-0.797728!4d100.376842!16s%2Fg%2F11g6rjvp92!19sChIJ7YOlRD_E1C8RFNJ-L-_7NvM?authuser=0&hl=id&rclk=1,Air Terjun Lubuak Rantiang,"4,5",https://lh5.googleusercontent.com/p/AF1QipP1UYGBOW3LrammJac2dtYLchJYVEEGIGYAb66Q=w1220-h920-k-no,Sumatera Barat,"Kecamatan Batipuh Selatan, Kabupaten Tanah Datar",Air Terjun Lubuak Rantiang adalah destinasi wisata alam dengan keindahan air terjun setinggi 25 meter dikelilingi oleh hutan tropis rimbun. Tempat ini menawarkan suasana tenang bagi pengunjung yang ingin bersantai sambil menikmati suara gemericik air jatuh ke kolam alami di bawahnya. Pengunjung dapat bermain air atau sekadar berfoto-foto dengan latar belakang air terjun yang menawan.,Air Terjun
https://www.google.com/maps/place/Batu+Malin+Kundang/data=!4m7!3m6!1s0x2fd4bb9a778a3041:0xcec062c40063270!8m2!3d-0.9944478!4d100.3645746!16s%2Fg%2F1218lpyw!19sChIJQTCKd5q71C8RcDIGQCwG7Aw?authuser=0&hl=id&rclk=1,Batu Malin Kundang,"4,1",https://lh5.googleusercontent.com/p/AF1QipPCnLhn4VKLp19Pnm0c795VmOakWGT_sQLWM02N=w1220-h920-k-no,Sumatera Barat,"Pantai Air Manis, Kecamatan Padang Selatan, Kota Padang",Batu Malin Kundang adalah batu besar di pantai Air Manis yang terkenal karena legenda Malin Kundang dalam cerita rakyat Minangkabau tentang seorang anak durhaka. Batu ini menjadi daya tarik wisatawan karena kisahnya serta pemandangan indah pantai di sekitarnya. Banyak pengunjung datang untuk berfoto dengan latar belakang batu serta menikmati suasana pantai.,Lainnya
https://www.google.com/maps/place/Puncak+Lawang/data=!4m7!3m6!1s0x2fd56b67ca739597:0xaec117f131aef258!8m2!3d-0.2643448!4d100.2427008!16s%2Fg%2F11q7dtn31q!19sChIJl5Vzymdr1S8RWPKuMfEXwa4?authuser=0&hl=id&rclk=1,Puncak Lawang,"4,6",https://lh5.googleusercontent.com/p/AF1QipPUvBq2SpGs_bB2Ordcs5sqWcEZubUyrqid7_8K=w1220-h920-k-no,Sumatera Barat,"Kecamatan Matur, Kabupaten Agam","Puncak Lawang adalah salah satu destinasi wisata puncak terbaik di Sumatera Barat dengan panorama Danau Maninjau dari ketinggian 1.200 mdpl.
Pengunjung bisa menikmati suasana sejuk serta melakukan berbagai aktivitas outdoor seperti paragliding atau trekking menuju puncaknya. Puncak Lawang sangat populer di kalangan pecinta petualangan dan fotografi karena keindahan alamnya.",Puncak
https://www.google.com/maps/place/Pulau+Angso+Duo/data=!4m7!3m6!1s0x2fd4e3e551fa5995:0x97aeeaa18c2fa2a4!8m2!3d-0.6327099!4d100.0996971!16s%2Fg%2F11ks1_nsnq!19sChIJlVn6UeXj1C8RpKIvjKHqrpc?authuser=0&hl=id&rclk=1,Pulau Angso Duo,"4,4",https://lh5.googleusercontent.com/p/AF1QipOEV_LoYDkB572jFLm1qRfYzq1agi_yuWJwFfj8=w1220-h920-k-no,Sumatera Barat,"Kecamatan IV Jurai, Kabupaten Pesisir Selatan",Pulau Angso Duo adalah pulau kecil eksotis di lepas pantai Painan dengan pantainya yang bersih dan air laut jernih ideal untuk snorkeling maupun berenang. Pengunjung dapat menikmati keindahan bawah laut sekaligus bersantai di tepi pantai sambil menikmati angin laut segar.,Pantai
https://www.google.com/maps/place/Pantai+Padang+Sumatera+Barat/data=!4m7!3m6!1s0x2fd4b93318fd31bf:0x15db501c7239061f!8m2!3d-0.9295716!4d100.3499566!16s%2Fg%2F11bzrg_ckn!19sChIJvzH9GDO51C8RHwY5chxQ2xU?authuser=0&hl=id&rclk=1,Pantai Padang Sumatera Barat,"4,5",https://lh5.googleusercontent.com/p/AF1QipNE8SeSN6evpNbE-rkQEfwZaRoP2XUo3OpHDhsV=w1220-h920-k-no,Sumatera Barat,"Kecamatan Padang Selatan, Kota Padang","Pantai Padang adalah pantai terkenal di Sumatera Barat dengan garis pantai panjang dan ombak tenangnya cocok untuk berbagai aktivitas seperti berenang atau bermain pasir. Dikenal sebagai salah satu ikon pariwisata Sumatera Barat, pantai ini sering dikunjungi oleh wisatawan lokal maupun mancanegara karena keindahan sunset-nya serta fasilitas lengkap seperti restoran dan area bermain anak-anak.",Pantai
https://www.google.com/maps/place/Kampung+Adat+Rimbo+Tarok/data=!4m7!3m6!1s0x2fd4b9ba36c8622f:0x811dea03cc70e683!8m2!3d-0.8952538!4d100.4076103!16s%2Fg%2F11snvs20x_!19sChIJL2LINrq51C8Rg-ZwzAPqHYE?authuser=0&hl=id&rclk=1,Kampung Adat Rimbo Tarok,"5,0",https://lh5.googleusercontent.com/p/AF1QipMFIU2I-P04WTwX7vfqh0dqFRvLmkcdqYUhCc9R=w1220-h920-k-no,Sumatera Barat,"Kelurahan Gunung Sarik, Kecamatan Kuranji, Kota Padang","Kampung Adat Rimbo Tarok adalah desa wisata yang kaya akan budaya dan tradisi Minangkabau. Di sini, pengunjung dapat menemukan Rumah Gadang Kajang Padati, sebuah rumah adat yang unik dan menjadi simbol kebanggaan masyarakat setempat. Rumah ini tidak memiliki atap gonjong seperti rumah adat lainnya, melainkan atap pelana yang sedikit melancip di ujungnya. Kampung ini juga masih memegang teguh hukum adat Minangkabau sebagai pedoman hidup, dengan berbagai kegiatan budaya seperti Sipak Rago, Silek Kuranji, dan Randai yang rutin dilaksanakan. Para pengunjung dapat merasakan pengalaman tinggal di kampung melalui homestay yang tersedia dan menikmati kuliner tradisional serta pertunjukan seni khas Minangkabau.",Desa Wisata
https://www.google.com/maps/place/Wisata+Tabek+Ganggam/data=!4m7!3m6!1s0x2fd52d79295d8b23:0x689bc8d0f9c5bff6!8m2!3d-0.4650125!4d100.5485571!16s%2Fg%2F11h75k_f4m!19sChIJI4tdKXkt1S8R9r_F-dDIm2g?authuser=0&hl=id&rclk=1,Wisata Tabek Ganggam,"4,5",https://lh5.googleusercontent.com/p/AF1QipM6nyHrRxpKcimvNH-mT7jccUEaMj_9lzyN0QsL=w1220-h920-k-no,Sumatera Barat,"Kecamatan Koto Tangah, Kota Padang",Wisata Tabek Ganggam adalah destinasi alam yang menawarkan pemandangan indah dari ketinggian. Tempat ini sangat cocok untuk kegiatan trekking dan menikmati suasana alam yang tenang. Pengunjung dapat menemukan berbagai spot foto menarik serta menikmati keindahan panorama sekitar. Suasana alami dan udara segar menjadikan Tabek Ganggam sebagai pilihan ideal untuk melarikan diri dari kesibukan kota.,Lainnya
https://www.google.com/maps/place/Taman+Rusa+Bukit+Atas/data=!4m7!3m6!1s0x2fd4b71e307b9877:0x707ac05f99bb74e2!8m2!3d-0.9484736!4d100.4839953!16s%2Fg%2F11nxfyl7rx!19sChIJd5h7MB631C8R4nS7mV_AenA?authuser=0&hl=id&rclk=1,Taman Rusa Bukit Atas,"4,8",https://lh5.googleusercontent.com/p/AF1QipOFJYO9DJV4xG16f7tm_xbqwE6gRcheCS58zwt3=w1220-h920-k-no,Sumatera Barat,"Kecamatan Bukittinggi, Kota Bukittinggi","Taman Rusa Bukit Atas adalah taman rekreasi yang menyediakan area untuk melihat rusa secara langsung di habitatnya. Tempat ini sangat cocok untuk keluarga yang ingin mengenalkan anak-anak pada satwa liar dalam suasana alami. Selain melihat rusa, pengunjung juga dapat menikmati pemandangan indah dari ketinggian serta melakukan aktivitas luar ruangan lainnya seperti piknik. Taman ini juga dilengkapi dengan fasilitas bermain anak-anak dan jalur jogging.",Gunung/Bukit
https://www.google.com/maps/place/Pemandian+Lori+Lubuk+Minturun/data=!4m7!3m6!1s0x2fd4c6f306a1db21:0x4a74be3df7ebebc!8m2!3d-0.8366133!4d100.3867233!16s%2Fg%2F11dxky9p8h!19sChIJIduhBvPG1C8RvL5-3-NLpwQ?authuser=0&hl=id&rclk=1,Pemandian Lori Lubuk Minturun,"4,5",https://lh5.googleusercontent.com/p/AF1QipNPaDz9ZSNrohor814v3Iccgos8hwHSin2U0Po=w1220-h920-k-no,Sumatera Barat,"Kelurahan Lubuk Minturun, Kecamatan Koto Tangah, Kota Padang",Pemandian Lori Lubuk Minturun adalah lokasi wisata air alami dengan air jernih dan suasana tenang. Tempat ini sangat cocok untuk berenang atau bersantai di tepi sungai sambil menikmati pemandangan alam sekitar. Pengunjung dapat membawa makanan dan piknik di area sekitar sambil menikmati kesegaran air sungai. Suasana damai menjadikan Pemandian Lori sebagai tempat ideal untuk relaksasi setelah rutinitas sehari-hari.,Lainnya
https://www.google.com/maps/place/Ngalau+Pangian/data=!4m7!3m6!1s0x2e2ad1a616b27e3f:0xc6fc80eeaf375e8d!8m2!3d-0.4756801!4d100.7425963!16s%2Fg%2F11bzscm1x0!19sChIJP36yFqbRKi4RjV43r-6A_MY?authuser=0&hl=id&rclk=1,Ngalau Pangian,"4,3",https://lh5.googleusercontent.com/p/AF1QipNHYa-sgBGJMUEKsOiduuVTfYEEUztxmFTNM6Ux=w1220-h920-k-no,Sumatera Barat,"Kecamatan Payakumbuh, Kota Payakumbuh","Ngalau Pangian adalah gua alami yang menawarkan pengalaman petualangan bagi para pengunjung yang ingin menjelajahi keindahan alam bawah tanah. Gua ini memiliki stalaktit dan stalagmit yang menawan serta suasana sejuk di dalamnya. Tempat ini sering dijadikan lokasi untuk kegiatan edukasi dan penelitian geologi, serta menjadi daya tarik bagi wisatawan yang menyukai petualangan dan eksplorasi alam.",Goa
https://www.google.com/maps/place/Kebun+Strawberry+Dzjikho/data=!4m7!3m6!1s0x2e2b519ae53a4c81:0xf94befc085b3d9c4!8m2!3d-1.0725982!4d100.773818!16s%2Fg%2F11lgxn0qdj!19sChIJgUw65ZpRKy4RxNmzhcDvS_k?authuser=0&hl=id&rclk=1,Kebun Strawberry Dzjikho,"4,0",https://lh5.googleusercontent.com/p/AF1QipOT6ljWazg0yEPBV58N5R68wzoZYIBFmqvgAUaj=w1220-h920-k-no,Sumatera Barat,"Kecamatan Lembah Gumanti, Kabupaten Solok","Kebun Strawberry Dzjikho adalah destinasi wisata agro dengan kebun stroberi yang luas di mana pengunjung dapat memetik stroberi segar langsung dari pohonnya. Tempat ini sangat populer di kalangan keluarga dan anak-anak karena menawarkan pengalaman interaktif dalam berkebun sekaligus menikmati keindahan alam sekitar. Selain itu, pengunjung juga dapat mencicipi berbagai olahan stroberi yang lezat di kafe yang tersedia di lokasi kebun.",Lainnya
https://www.google.com/maps/place/ALI+BaBaa+Wisata/data=!4m7!3m6!1s0x2fd359dc36f0c189:0xe695f82c232dffaf!8m2!3d-1.2474269!4d100.4323696!16s%2Fg%2F11cn7gcb87!19sChIJicHwNtxZ0y8Rr_8tIyz4leY?authuser=0&hl=id&rclk=1,ALI BaBaa Wisata,"4,5",https://lh5.googleusercontent.com/p/AF1QipM968oGm5vJpNyrH9Oq91STg1BNOy1HrVQXiK8=w1220-h920-k-no,Sumatera Barat,"Kecamatan Padang Selatan, Kota Padang","ALI BaBaa Wisata adalah destinasi wisata yang menawarkan berbagai aktivitas menarik bagi pengunjung, termasuk tur budaya dan kuliner khas daerah. Tempat ini dikenal dengan suasana ramah dan fasilitas lengkap untuk mendukung kenyamanan pengunjung saat berlibur. ALI BaBaa juga sering mengadakan acara budaya dan festival lokal untuk memperkenalkan kekayaan budaya Minangkabau kepada wisatawan.",Lainnya
https://www.google.com/maps/place/Pulau+Belibis+Dan+Taman+Pramuka/data=!4m7!3m6!1s0x2e2b3383fe9c4f8b:0x94ca47b030d5b108!8m2!3d-0.7713012!4d100.643057!16s%2Fg%2F11cnbh5lc3!19sChIJi0-c_oMzKy4RCLHVMLBHypQ?authuser=0&hl=id&rclk=1,Pulau Belibis Dan Taman Pramuka,"4,2",https://lh5.googleusercontent.com/p/AF1QipPI60eu9YyFHfoHUeDMd4IHuToS1prUUIP1sOna=w1220-h920-k-no,Sumatera Barat,"Kecamatan Bungus Teluk Kabung, Kota Padang",Pulau Belibis adalah pulau kecil eksotis dengan pantai bersih dan air laut jernih ideal untuk snorkeling serta kegiatan pantai lainnya. Di pulau ini terdapat Taman Pramuka yang menyediakan fasilitas untuk berkemah dan kegiatan outdoor lainnya bagi pengunjung yang ingin menikmati keindahan alam sambil berinteraksi dengan lingkungan sekitar.,Pantai
https://www.google.com/maps/place/Kawasan+Pantai+Muaro+Bantiang/data=!4m7!3m6!1s0x2fd350ca5d576b49:0x166a04e39f1f9985!8m2!3d-1.2706007!4d100.4635572!16s%2Fg%2F11c4bgncwy!19sChIJSWtXXcpQ0y8RhZkfn-MEahY?authuser=0&hl=id&rclk=1,Kawasan Pantai Muaro Bantiang,"4,5",https://lh5.googleusercontent.com/p/AF1QipOMTfAs-YoYDmoUqWBjZR6ejLKM9YeJke28dX0m=w1220-h920-k-no,Sumatera Barat,"Kecamatan Koto Tangah, Kota Padang",Kawasan Pantai Muaro Bantiang adalah pantai cantik dengan pasir putih lembut dan ombak tenang cocok untuk berenang atau bersantai di tepi pantai. Suasana damai menjadikan tempat ini pilihan tepat bagi mereka yang ingin berlibur setelah rutinitas sehari-hari sambil menikmati keindahan laut.,Pantai
https://www.google.com/maps/place/Taman+Satwa+Kandi/data=!4m7!3m6!1s0x2e2b29ae2a1d2d23:0xab5ace1da32d496b!8m2!3d-0.6188264!4d100.7468271!16s%2Fg%2F11c2qsjwzf!19sChIJIy0dKq4pKy4Ra0ktox3OWqs?authuser=0&hl=id&rclk=1,Taman Satwa Kandi,"4,0",https://lh5.googleusercontent.com/p/AF1QipMXbnzIeqcxvynQ3IN7C7NHK8mGtFUnfo0FmNHE=w1220-h920-k-no,Sumatera Barat,"Kecamatan Koto Tangah, Kota Padang","Taman Satwa Kandi adalah taman rekreasi keluarga dengan berbagai koleksi satwa menarik seperti burung, reptil, dan mamalia kecil lainnya. Tempat ini menawarkan pengalaman edukatif bagi anak-anak untuk belajar tentang satwa sambil bermain di area taman yang asri. Fasilitas seperti area bermain anak-anak dan jalur jogging juga tersedia bagi pengunjung.",Taman Rekreasi
https://www.google.com/maps/place/Air+Terjun+Langkuik/data=!4m7!3m6!1s0x2fd53d77d650d8e5:0x5b4d1c27c643a25e!8m2!3d-0.4248701!4d100.2799962!16s%2Fg%2F11c54nxzbk!19sChIJ5dhQ1nc91S8RXqJDxiccTVs?authuser=0&hl=id&rclk=1,Air Terjun Langkuik,"4,4",https://lh5.googleusercontent.com/p/AF1QipOhFgYJPStNXC0OpW7SIRWGsZvx45g_H1YwnREa=w1220-h920-k-no,Sumatera Barat,"Kecamatan Batipuh Selatan, Kabupaten Tanah Datar",Air Terjun Langkuik adalah destinasi wisata alam dengan keindahan air terjun setinggi 20 meter dikelilingi oleh hutan tropis rimbun. Suara gemericik air terjun menciptakan suasana damai bagi pengunjung yang ingin bersantai sambil menikmati keindahan alam sekitar. Pengunjung dapat bermain air atau sekadar berfoto-foto dengan latar belakang air terjun yang menawan.,Air Terjun
https://www.google.com/maps/place/Pantai+Pariaman/data=!4m7!3m6!1s0x2fd4e3d1070265df:0xaa1cf4e766f43dbe!8m2!3d-0.6259122!4d100.1143607!16s%2Fg%2F11l00f15jz!19sChIJ32UCB9Hj1C8Rvj30Zuf0HKo?authuser=0&hl=id&rclk=1,Pantai Pariaman,"4,5",https://lh5.googleusercontent.com/p/AF1QipPrZZoIo3aONvC1nCegoUA3HL6bpqZIVHfq1UPM=w1220-h920-k-no,Sumatera Barat,"Kecamatan Pariaman Tengah, Kota Pariaman","Pantai Pariaman adalah salah satu pantai terkenal di Sumatera Barat dengan garis pantai panjang dan ombak tenang cocok untuk berbagai aktivitas seperti berenang atau bermain pasir. Dikenal sebagai salah satu ikon pariwisata Sumatera Barat, pantai ini sering dikunjungi oleh wisatawan lokal maupun mancanegara karena keindahan sunset-nya serta fasilitas lengkap seperti restoran dan area bermain anak-anak.",Pantai
https://www.google.com/maps/place/Air+Terjun+Timbulun+Painan/data=!4m7!3m6!1s0x2fd34d786e12eb81:0x9f43c1e162d381fc!8m2!3d-1.3475056!4d100.6026549!16s%2Fg%2F11b6_sg4xc!19sChIJgesSbnhN0y8R_IHTYuHBQ58?authuser=0&hl=id&rclk=1,Air Terjun Timbulun Painan,"4,6",https://lh5.googleusercontent.com/p/AF1QipMZPvd8GNzfwErJkNVGSQkIn1Qzr9y0tmdF9n5Y=w1220-h920-k-no,Sumatera Barat,"Kecamatan IV Jurai, Kabupaten Pesisir Selatan",Air Terjun Timbulun Painan merupakan objek wisata alam dengan keindahan air terjun setinggi 30 meter dikelilingi oleh hutan alami yang rimbun. Pengunjung bisa melakukan trekking menuju air terjun sambil menikmati suasana alami sekitar.,Air Terjun
https://www.google.com/maps/place/Taluak+Sikulo/data=!4m7!3m6!1s0x2fd35a1efd4594a3:0x46e0efa36024fecf!8m2!3d-1.2707704!4d100.4200501!16s%2Fg%2F11g68_d_l_!19sChIJo5RF_R5a0y8Rz_4kYKPv4EY?authuser=0&hl=id&rclk=1,Taluak Sikulo,"4,7",https://lh5.googleusercontent.com/p/AF1QipMPsUAeGSMDNOete5OBsEOZiCTLYVDiBqr8Zm0R=w1220-h920-k-no,Sumatera Barat," Kecamatan Koto XI Tarusan, Kabupaten Pesisir Selatan","Taluak Sikulo adalah sebuah teluk kecil yang dikenal sebagai ""surga tersembunyi"" di Kawasan Wisata Mandeh. Dengan jarak sekitar 7 km dari Pantai Batu Kalang, Taluak Sikulo menawarkan keindahan alam yang memukau, termasuk pasir putih halus dan air laut yang biru jernih. Tempat ini sangat populer di kalangan fotografer dan pecinta alam karena pemandangan yang instagramable serta suasana tenang. Pengunjung dapat melakukan berbagai aktivitas seperti berkemah di pinggir pantai, berenang, atau sekadar bersantai menikmati keindahan alam. Akses menuju Taluak Sikulo bisa dilakukan dengan berjalan kaki menyusuri bibir pantai selama kurang lebih dua jam atau menggunakan perahu dari Pantai Batu Kalang. Taluak Sikulo terbuka untuk umum 24 jam tanpa biaya masuk, menjadikannya destinasi yang ideal untuk menikmati sunrise atau sunset yang menakjubkan.",Pantai
